YEAR,Actor2CountryCode,GoldsteinScale,Record Count
2003,AFG,-212.3,40
2003,AGO,0,0
2003,ARE,0,0
2003,ARG,-18.8,6
2003,ARM,-4,2
2003,ATG,-5,1
2003,AUS,-676.8,160
2003,AUT,-62.6,11
2003,AZE,-37.6,9
2003,BEL,-170.9,48
2003,BGD,-39.6,16
2003,BGR,-23,5
2003,BHR,-34.4,6
2003,BIH,0,0
2003,BLR,-85,17
2003,BMU,-4,2
2003,BOL,0,0
2003,BRA,-127.19999999999999,31
2003,BRN,-109.80000000000001,18
2003,BWA,0,0
2003,CAN,-479.1999999999998,101
2003,CHE,-374.20000000000005,84
2003,CHL,-13,4
2003,CMR,0,0
2003,COD,-14.2,3
2003,COG,0,0
2003,COL,-2,1
2003,CRI,0,0
2003,CUB,-15,6
2003,CYM,0,0
2003,CYP,-20,2
2003,CZE,-151.3,34
2003,DEU,-613.2999999999998,154
2003,DJI,-10,1
2003,DNK,-116.90000000000003,30
2003,DOM,0,0
2003,DZA,-10,1
2003,ECU,0,0
2003,EGY,-164,37
2003,ESP,-95,22
2003,EST,0,0
2003,ETH,-25,5
2003,FIN,-13,4
2003,FJI,-93,14
2003,FRA,-1345.2999999999997,334
2003,FSM,-28.8,8
2003,GAB,0,0
2003,GBR,-1502.5000000000007,339
2003,GEO,0,0
2003,GHA,-70,9
2003,GIN,0,0
2003,GNB,0,0
2003,GRC,-97.60000000000004,18
2003,GUY,-9.5,1
2003,HKG,-9,3
2003,HND,0,0
2003,HRV,-132.5,23
2003,HTI,0,0
2003,HUN,-55.89999999999999,17
2003,IDN,-448.69999999999993,88
2003,IND,-813.0999999999995,167
2003,IRL,-5,1
2003,IRN,-176.60000000000002,40
2003,IRQ,-2367.7000000000044,652
2003,ISL,-5,1
2003,ISR,-429.29999999999984,132
2003,ITA,-129,23
2003,JAM,-39,7
2003,JOR,-11.9,3
2003,JPN,-7397.199999999988,1725
2003,KAZ,-428.99999999999994,69
2003,KEN,-41.199999999999996,10
2003,KGZ,-606.9999999999999,112
2003,KHM,-146.00000000000003,32
2003,KOR,-1997.0000000000014,485
2003,KWT,-128.40000000000003,22
2003,LAO,-111,20
2003,LBN,-30.599999999999994,12
2003,LBR,-74.8,12
2003,LKA,-210,37
2003,LTU,-20.7,5
2003,LUX,0,0
2003,LVA,0,0
2003,MAC,-91.8,18
2003,MAR,-61,9
2003,MDA,0,0
2003,MDG,0,0
2003,MEX,-67.8,23
2003,MKD,-10.8,4
2003,MLI,-8,2
2003,MLT,0,0
2003,MMR,-369.2999999999999,76
2003,MNE,0,0
2003,MNG,-67.8,19
2003,MOZ,-20.8,8
2003,MUS,-21.9,4
2003,MWI,-4,1
2003,MYS,-413.4999999999999,82
2003,NAM,-58.400000000000006,7
2003,NER,0,0
2003,NGA,-92,20
2003,NIC,0,0
2003,NLD,-281,58
2003,NOR,-78,23
2003,NPL,-326.79999999999995,59
2003,NZL,-166,44
2003,OMN,0,0
2003,PAK,-1126.7,219
2003,PAN,-35.199999999999996,16
2003,PER,-2,1
2003,PHL,-1260.9999999999995,268
2003,PNG,-23.199999999999996,11
2003,POL,-45.199999999999996,11
2003,PRK,-6220.199999999996,1392
2003,PRT,-51.5,6
2003,PRY,-8,4
2003,QAT,-27,6
2003,ROM,0,0
2003,RUS,-5383.699999999999,1267
2003,RWA,-15,3
2003,SAU,-127.40000000000002,30
2003,SDN,-29.4,6
2003,SEN,-23.2,4
2003,SGP,-563.9999999999997,117
2003,SLE,0,0
2003,SLV,0,0
2003,SOM,0,0
2003,SRB,-59,8
2003,SUR,0,0
2003,SVK,-20.4,3
2003,SVN,0,0
2003,SWE,-97.80000000000001,22
2003,SYR,-135.20000000000002,27
2003,TCD,0,0
2003,TGO,-4,1
2003,THA,-590.9999999999998,130
2003,TJK,-65,15
2003,TKM,-12.8,5
2003,TTO,0,0
2003,TUN,0,0
2003,TUR,-246.4,57
2003,TZA,0,0
2003,UGA,-71.5,18
2003,UKR,-491,105
2003,URY,0,0
2003,USA,-10829.89999999998,2703
2003,UZB,-117.2,25
2003,VEN,-5,1
2003,VNM,-1696.2000000000005,257
2003,VUT,0,0
2003,YEM,-63,9
2003,ZAF,-5,1
2003,ZMB,-54.5,15
2003,ZWE,-45.8,14
2004,AFG,-2486.8000000000006,366
2004,AGO,0,0
2004,ARE,-5,1
2004,ARG,-50,9
2004,ARM,0,0
2004,ATG,0,0
2004,AUS,-280.3,76
2004,AUT,-37.8,10
2004,AZE,-2.4,2
2004,BEL,-88.4,17
2004,BGD,-40.8,15
2004,BGR,-15,3
2004,BHR,0,0
2004,BIH,0,0
2004,BLR,-60,12
2004,BMU,-2,5
2004,BOL,0,0
2004,BRA,-221.90000000000006,65
2004,BRN,-71.19999999999999,19
2004,BWA,-10.8,5
2004,CAN,-492.59999999999985,116
2004,CHE,-72.2,22
2004,CHL,-32.599999999999994,14
2004,CMR,-15,3
2004,COD,-0.4,1
2004,COG,-4,2
2004,COL,0,0
2004,CRI,0,0
2004,CUB,-124.5,22
2004,CYM,0,0
2004,CYP,-20,2
2004,CZE,-218.30000000000004,51
2004,DEU,-719.1999999999997,144
2004,DJI,0,0
2004,DNK,-31.4,7
2004,DOM,-4,2
2004,DZA,-40.199999999999996,12
2004,ECU,0,0
2004,EGY,-93,15
2004,ESP,-132.60000000000005,32
2004,EST,0,0
2004,ETH,-12,3
2004,FIN,-30.9,6
2004,FJI,-15,6
2004,FRA,-1284.8,263
2004,FSM,-8.4,2
2004,GAB,0,0
2004,GBR,-1847.600000000001,426
2004,GEO,0,0
2004,GHA,-14,5
2004,GIN,-4,2
2004,GNB,0,0
2004,GRC,-23.5,5
2004,GUY,-2.8,3
2004,HKG,-32,7
2004,HND,-18,2
2004,HRV,-43.5,9
2004,HTI,-10.8,7
2004,HUN,-4,1
2004,IDN,-350.6,58
2004,IND,-131.10000000000005,34
2004,IRL,-53.5,7
2004,IRN,-249.4,55
2004,IRQ,-1559.0000000000016,246
2004,ISL,0,0
2004,ISR,-411.09999999999985,84
2004,ITA,-97.8,22
2004,JAM,-40,4
2004,JOR,-52,9
2004,JPN,-9738.999999999975,2201
2004,KAZ,-114.4,34
2004,KEN,-138.6,27
2004,KGZ,-224.20000000000005,50
2004,KHM,-232.50000000000003,45
2004,KOR,-2458.100000000002,555
2004,KWT,-13.2,4
2004,LAO,-207.40000000000003,38
2004,LBN,-12.4,7
2004,LBR,-22.9,8
2004,LKA,-47.2,14
2004,LTU,0,0
2004,LUX,0,0
2004,LVA,0,0
2004,MAC,-104,24
2004,MAR,-34.4,11
2004,MDA,0,0
2004,MDG,-4.4,1
2004,MEX,-90,24
2004,MKD,-11.200000000000001,4
2004,MLI,0,0
2004,MLT,0,0
2004,MMR,-336.4,50
2004,MNE,0,0
2004,MNG,-111.20000000000002,25
2004,MOZ,-6.4,3
2004,MUS,-4,1
2004,MWI,0,0
2004,MYS,-380.79999999999995,79
2004,NAM,-45,9
2004,NER,0,0
2004,NGA,-150.8,33
2004,NIC,-16,4
2004,NLD,-140.2,27
2004,NOR,-270.2,34
2004,NPL,-385.29999999999995,93
2004,NZL,-28.1,9
2004,OMN,0,0
2004,PAK,-3268.7000000000016,462
2004,PAN,-20,4
2004,PER,0,0
2004,PHL,-362.29999999999995,82
2004,PNG,-56.699999999999996,13
2004,POL,-124.4,25
2004,PRK,-5553.000000000001,1121
2004,PRT,-69,12
2004,PRY,-10,3
2004,QAT,-2,1
2004,ROM,0,0
2004,RUS,-4408.600000000002,915
2004,RWA,-34,5
2004,SAU,-359.4999999999999,57
2004,SDN,-560.3999999999997,95
2004,SEN,-6,3
2004,SGP,-412.6999999999998,102
2004,SLE,0,0
2004,SLV,-9,3
2004,SOM,-13,3
2004,SRB,-69,12
2004,SUR,-5,1
2004,SVK,-65.4,14
2004,SVN,0,0
2004,SWE,-20.5,9
2004,SYR,-87.2,17
2004,TCD,-0.4,1
2004,TGO,0,0
2004,THA,-497.49999999999994,74
2004,TJK,-115,28
2004,TKM,-6,3
2004,TTO,0,0
2004,TUN,-4,1
2004,TUR,-108.60000000000002,17
2004,TZA,-5,1
2004,UGA,-52.599999999999994,18
2004,UKR,-192.60000000000002,35
2004,URY,0,0
2004,USA,-9367.799999999988,2334
2004,UZB,-221.90000000000003,42
2004,VEN,-24,6
2004,VNM,-1770.400000000001,295
2004,VUT,-87,18
2004,YEM,0,0
2004,ZAF,-76.4,18
2004,ZMB,-20,4
2004,ZWE,-61,14
2005,AFG,-146.20000000000002,21
2005,AGO,-5,1
2005,ARE,0,0
2005,ARG,-35.2,5
2005,ARM,0,0
2005,ATG,0,0
2005,AUS,-851.2,246
2005,AUT,-6,3
2005,AZE,-2,1
2005,BEL,-92.00000000000001,31
2005,BGD,-70.4,15
2005,BGR,-10,2
2005,BHR,0,0
2005,BIH,0,0
2005,BLR,-127,30
2005,BMU,0,0
2005,BOL,-24,4
2005,BRA,-162.50000000000003,33
2005,BRN,-38.8,7
2005,BWA,-13,2
2005,CAN,-375.20000000000005,81
2005,CHE,-132.8,34
2005,CHL,0,0
2005,CMR,-59.5,6
2005,COD,0,0
2005,COG,-25,3
2005,COL,-8,4
2005,CRI,0,0
2005,CUB,-25,7
2005,CYM,0,0
2005,CYP,-35.4,7
2005,CZE,-139,32
2005,DEU,-653.8999999999997,122
2005,DJI,0,0
2005,DNK,-130,24
2005,DOM,0,0
2005,DZA,0,0
2005,ECU,0,0
2005,EGY,-52,12
2005,ESP,-162.20000000000002,35
2005,EST,0,0
2005,ETH,-21,5
2005,FIN,0,0
2005,FJI,-87,13
2005,FRA,-824.1999999999999,184
2005,FSM,-14,4
2005,GAB,0,0
2005,GBR,-1009.8999999999996,249
2005,GEO,0,0
2005,GHA,-18,4
2005,GIN,0,0
2005,GNB,0,0
2005,GRC,-56.8,14
2005,GUY,0,0
2005,HKG,-2.4,2
2005,HND,0,0
2005,HRV,-71.4,14
2005,HTI,-30,8
2005,HUN,-8.8,2
2005,IDN,-372.7,69
2005,IND,-69.6,25
2005,IRL,0,0
2005,IRN,-269.4,69
2005,IRQ,-703.0999999999996,118
2005,ISL,-4,1
2005,ISR,-164.70000000000002,39
2005,ITA,-267.6,69
2005,JAM,0,0
2005,JOR,-227.4,30
2005,JPN,-15578.999999999975,3450
2005,KAZ,-60.199999999999996,14
2005,KEN,-56,14
2005,KGZ,-181.60000000000002,57
2005,KHM,-77.3,13
2005,KOR,-2023.4000000000017,447
2005,KWT,0,0
2005,LAO,-23.5,4
2005,LBN,-57.2,12
2005,LBR,-54.8,11
2005,LKA,-66.80000000000001,11
2005,LTU,0,0
2005,LUX,-64.30000000000001,13
2005,LVA,0,0
2005,MAC,-73.4,10
2005,MAR,-4.800000000000001,3
2005,MDA,0,0
2005,MDG,0,0
2005,MEX,-71.8,24
2005,MKD,0,0
2005,MLI,0,0
2005,MLT,-10,2
2005,MMR,-327.9,59
2005,MNE,0,0
2005,MNG,-157.89999999999998,25
2005,MOZ,-14.3,5
2005,MUS,-20,3
2005,MWI,-4,2
2005,MYS,-352.3,94
2005,NAM,-17,3
2005,NER,0,0
2005,NGA,-112.7,21
2005,NIC,0,0
2005,NLD,-71,15
2005,NOR,-4,1
2005,NPL,-300.9,88
2005,NZL,-55.599999999999994,12
2005,OMN,0,0
2005,PAK,-456.0999999999999,77
2005,PAN,-8,2
2005,PER,-4,2
2005,PHL,-361.0999999999999,72
2005,PNG,-4,2
2005,POL,-5.200000000000001,5
2005,PRK,-3206.800000000003,599
2005,PRT,-24,3
2005,PRY,0,0
2005,QAT,-21,7
2005,ROM,0,0
2005,RUS,-5064.999999999992,964
2005,RWA,0,0
2005,SAU,-47,13
2005,SDN,-31.599999999999998,15
2005,SEN,-41.2,9
2005,SGP,-486.79999999999995,101
2005,SLE,-52,7
2005,SLV,0,0
2005,SOM,-34,5
2005,SRB,-5.800000000000001,3
2005,SUR,-2,1
2005,SVK,-37.5,7
2005,SVN,0,0
2005,SWE,-52.39999999999999,17
2005,SYR,-41.4,13
2005,TCD,0,0
2005,TGO,0,0
2005,THA,-257.29999999999995,43
2005,TJK,-49,10
2005,TKM,-30.900000000000002,6
2005,TTO,-8,1
2005,TUN,-2,1
2005,TUR,-194.8,30
2005,TZA,0,0
2005,UGA,-52.4,13
2005,UKR,-163.60000000000002,39
2005,URY,-13,5
2005,USA,-7426.999999999988,1931
2005,UZB,-120.5,30
2005,VEN,-6,2
2005,VNM,-752.5999999999999,112
2005,VUT,-26,5
2005,YEM,-5,1
2005,ZAF,-25.4,9
2005,ZMB,-10,5
2005,ZWE,-101.5,25
2006,AFG,-344.79999999999995,65
2006,AGO,-39.8,12
2006,ARE,-6,3
2006,ARG,-2,1
2006,ARM,-4,2
2006,ATG,0,0
2006,AUS,-767.0999999999995,189
2006,AUT,-155.20000000000002,39
2006,AZE,-10,2
2006,BEL,-106.9,37
2006,BGD,-75.2,14
2006,BGR,-10,5
2006,BHR,-14.4,2
2006,BIH,0,0
2006,BLR,-41,8
2006,BMU,0,0
2006,BOL,-30,3
2006,BRA,-65.19999999999999,15
2006,BRN,-153.9,23
2006,BWA,-60,10
2006,CAN,-1098.1999999999998,279
2006,CHE,-115.40000000000003,37
2006,CHL,-10,2
2006,CMR,-13.5,3
2006,COD,-130.5,14
2006,COG,0,0
2006,COL,-41.9,10
2006,CRI,0,0
2006,CUB,-125.8,29
2006,CYM,0,0
2006,CYP,-20,3
2006,CZE,-122.99999999999999,25
2006,DEU,-926.6999999999998,237
2006,DJI,0,0
2006,DNK,-48.3,7
2006,DOM,-5,1
2006,DZA,-26,4
2006,ECU,-4,1
2006,EGY,-130,33
2006,ESP,-297.4,82
2006,EST,0,0
2006,ETH,-29,6
2006,FIN,-336.3,47
2006,FJI,-114.00000000000003,31
2006,FRA,-1550.9,412
2006,FSM,-37.6,7
2006,GAB,0,0
2006,GBR,-2677.3000000000006,606
2006,GEO,0,0
2006,GHA,-49,11
2006,GIN,0,0
2006,GNB,0,0
2006,GRC,-64.6,21
2006,GUY,-22,4
2006,HKG,-98.60000000000001,42
2006,HND,0,0
2006,HRV,-47.8,8
2006,HTI,0,0
2006,HUN,-36,9
2006,IDN,-442.09999999999997,93
2006,IND,-767.5999999999997,176
2006,IRL,-28.099999999999998,10
2006,IRN,-4329.300000000005,1066
2006,IRQ,-353.09999999999997,68
2006,ISL,0,0
2006,ISR,-1491.6000000000006,292
2006,ITA,-566.2999999999998,141
2006,JAM,-6,3
2006,JOR,-55,6
2006,JPN,-12052.999999999978,2977
2006,KAZ,-227.00000000000003,48
2006,KEN,-236.00000000000003,46
2006,KGZ,-374.0999999999998,70
2006,KHM,-131.8,25
2006,KOR,-2282.600000000006,573
2006,KWT,-16.5,3
2006,LAO,-53,11
2006,LBN,-941.4999999999993,183
2006,LBR,-99.80000000000001,27
2006,LKA,-131.4,20
2006,LTU,-16,5
2006,LUX,0,0
2006,LVA,-16,5
2006,MAC,-29.5,6
2006,MAR,-15.200000000000001,4
2006,MDA,-31,8
2006,MDG,0,0
2006,MEX,-58.099999999999994,16
2006,MKD,0,0
2006,MLI,-30,6
2006,MLT,0,0
2006,MMR,-457.49999999999994,106
2006,MNE,0,0
2006,MNG,-178.30000000000004,40
2006,MOZ,-79,17
2006,MUS,-4,1
2006,MWI,-2,1
2006,MYS,-713.4999999999995,167
2006,NAM,-147.4,24
2006,NER,-32,7
2006,NGA,-245.4,53
2006,NIC,-4,2
2006,NLD,-155,33
2006,NOR,-52.79999999999999,11
2006,NPL,-394.2999999999999,109
2006,NZL,-232.9,41
2006,OMN,0,0
2006,PAK,-2647.0000000000005,399
2006,PAN,-2,1
2006,PER,-46,13
2006,PHL,-508.4,103
2006,PNG,-32.8,8
2006,POL,-67.5,12
2006,PRK,-7533.999999999998,1756
2006,PRT,-15,4
2006,PRY,-2,1
2006,QAT,-84.39999999999999,22
2006,ROM,0,0
2006,RUS,-6620.99999999999,1649
2006,RWA,-16,4
2006,SAU,-201.8,46
2006,SDN,-685.9999999999994,161
2006,SEN,-90.4,24
2006,SGP,-802.6999999999999,198
2006,SLE,-8.5,2
2006,SLV,-12,3
2006,SOM,-26,5
2006,SRB,-10.4,4
2006,SUR,0,0
2006,SVK,-52.6,13
2006,SVN,0,0
2006,SWE,-100.9,23
2006,SYR,-257.7,36
2006,TCD,-159.2,38
2006,TGO,0,0
2006,THA,-578.8999999999999,92
2006,TJK,-162,28
2006,TKM,-13,5
2006,TTO,0,0
2006,TUN,-20,4
2006,TUR,-148.2,28
2006,TZA,-46,11
2006,UGA,-67.10000000000001,21
2006,UKR,-112.20000000000002,24
2006,URY,0,0
2006,USA,-15002.699999999966,4010
2006,UZB,-289.8,63
2006,VEN,-88.6,28
2006,VNM,-1558.6000000000006,266
2006,VUT,-4,1
2006,YEM,0,0
2006,ZAF,-263.3,44
2006,ZMB,-282.20000000000005,65
2006,ZWE,-217.90000000000003,59
2007,AFG,-598.1999999999999,103
2007,AGO,-48.599999999999994,18
2007,ARE,-77.10000000000001,18
2007,ARG,-68.69999999999999,20
2007,ARM,-56,11
2007,ATG,0,0
2007,AUS,-3468.8000000000047,867
2007,AUT,-184.8,45
2007,AZE,-23.799999999999997,5
2007,BEL,-490.79999999999984,124
2007,BGD,-317.4,53
2007,BGR,-16.4,3
2007,BHR,0,0
2007,BIH,0,0
2007,BLR,-87,12
2007,BMU,-4,2
2007,BOL,-25,5
2007,BRA,-279.59999999999997,66
2007,BRN,-251.79999999999998,43
2007,BWA,-25,5
2007,CAN,-4369.700000000004,1059
2007,CHE,-385.1,104
2007,CHL,-16,4
2007,CMR,-6,3
2007,COD,-51.3,8
2007,COG,-34,6
2007,COL,-56,11
2007,CRI,-197.40000000000006,72
2007,CUB,-70.69999999999999,21
2007,CYM,-39.5,6
2007,CYP,-5,1
2007,CZE,-206.00000000000003,41
2007,DEU,-4515.700000000002,1146
2007,DJI,0,0
2007,DNK,-44.5,9
2007,DOM,-60,12
2007,DZA,-222,28
2007,ECU,-4,2
2007,EGY,-92.1,19
2007,ESP,-422.99999999999966,91
2007,EST,-9.600000000000001,5
2007,ETH,-4514.100000000002,558
2007,FIN,-48,15
2007,FJI,-106.10000000000001,27
2007,FRA,-2947.5999999999985,668
2007,FSM,-54.6,11
2007,GAB,0,0
2007,GBR,-5779.599999999993,1217
2007,GEO,0,0
2007,GHA,-54,15
2007,GIN,-1.2000000000000002,3
2007,GNB,-4.4,3
2007,GRC,-110.8,17
2007,GUY,-30,4
2007,HKG,-136.8,49
2007,HND,-59,15
2007,HRV,-15,3
2007,HTI,-72,14
2007,HUN,-57.5,11
2007,IDN,-1391.5000000000005,280
2007,IND,-1452.6,346
2007,IRL,-249.5,42
2007,IRN,-3720.7000000000066,848
2007,IRQ,-995.3999999999995,161
2007,ISL,-2,1
2007,ISR,-672.8999999999999,147
2007,ITA,-1299.8000000000002,277
2007,JAM,-10,2
2007,JOR,-29.8,9
2007,JPN,-15740.29999999996,4108
2007,KAZ,-237.20000000000005,45
2007,KEN,-332,48
2007,KGZ,-441.29999999999984,100
2007,KHM,-332.1,53
2007,KOR,-2476.0000000000023,582
2007,KWT,-65,16
2007,LAO,-145.3,25
2007,LBN,-293.2,73
2007,LBR,-276.09999999999997,43
2007,LKA,-306.4,59
2007,LTU,-16,4
2007,LUX,-65,13
2007,LVA,0,0
2007,MAC,-151.50000000000003,36
2007,MAR,-6,3
2007,MDA,-76.5,13
2007,MDG,0,0
2007,MEX,-267.5,63
2007,MKD,-50,10
2007,MLI,-12,3
2007,MLT,0,0
2007,MMR,-3215.3000000000056,805
2007,MNE,0,0
2007,MNG,-159.60000000000002,37
2007,MOZ,-58.5,12
2007,MUS,-25,5
2007,MWI,-14,5
2007,MYS,-1483.6000000000001,341
2007,NAM,-96.4,19
2007,NER,-524.1,66
2007,NGA,-2713.8,354
2007,NIC,-30.599999999999994,10
2007,NLD,-415.4,89
2007,NOR,-106.4,24
2007,NPL,-519.0999999999999,111
2007,NZL,-704.8999999999999,123
2007,OMN,0,0
2007,PAK,-6785.499999999987,1014
2007,PAN,-178.4,42
2007,PER,-79.5,16
2007,PHL,-1256.8,275
2007,PNG,-96.4,16
2007,POL,-156.70000000000002,24
2007,PRK,-4338.800000000005,935
2007,PRT,-154.80000000000004,37
2007,PRY,-63,11
2007,QAT,-11.8,5
2007,ROM,0,0
2007,RUS,-9211.599999999986,1939
2007,RWA,-69.8,19
2007,SAU,-314.2,59
2007,SDN,-2809.000000000005,792
2007,SEN,0,0
2007,SGP,-872.9999999999997,169
2007,SLE,0,0
2007,SLV,-40,8
2007,SOM,-857.5999999999999,100
2007,SRB,-71,19
2007,SUR,-8,4
2007,SVK,-37,8
2007,SVN,0,0
2007,SWE,-175.70000000000002,39
2007,SYR,-41,11
2007,TCD,-40.199999999999996,10
2007,TGO,-47,9
2007,THA,-719.2999999999996,158
2007,TJK,-209.20000000000002,28
2007,TKM,-82.80000000000001,17
2007,TTO,0,0
2007,TUN,0,0
2007,TUR,-205.50000000000003,55
2007,TZA,-10,4
2007,UGA,-240.40000000000003,50
2007,UKR,-128.3,27
2007,URY,0,0
2007,USA,-33894.10000000002,8869
2007,UZB,-515,97
2007,VEN,-71.9,17
2007,VNM,-2359.400000000002,433
2007,VUT,-4.5,3
2007,YEM,-82,12
2007,ZAF,-144.7,31
2007,ZMB,-473.7,111
2007,ZWE,-88.99999999999999,31
2008,AFG,-1325.6000000000006,228
2008,AGO,-25.2,10
2008,ARE,-113.60000000000001,22
2008,ARG,-119,16
2008,ARM,-10,1
2008,ATG,-2,1
2008,AUS,-6176.499999999995,1362
2008,AUT,-346.2,84
2008,AZE,-20,4
2008,BEL,-1182.1000000000004,254
2008,BGD,-347.2999999999999,92
2008,BGR,-17.5,4
2008,BHR,-19,4
2008,BIH,0,0
2008,BLR,-35.2,11
2008,BMU,-22,3
2008,BOL,-19.5,2
2008,BRA,-660.3999999999997,141
2008,BRN,-273.6,73
2008,BWA,-41.8,10
2008,CAN,-4684.200000000002,901
2008,CHE,-1207.1999999999994,260
2008,CHL,-30.8,10
2008,CMR,-54.800000000000004,10
2008,COD,-89.80000000000003,24
2008,COG,-196.4,38
2008,COL,-84.00000000000001,13
2008,CRI,-145.8,43
2008,CUB,-413.3,77
2008,CYM,-46,11
2008,CYP,-78,12
2008,CZE,-251.70000000000005,51
2008,DEU,-3039.0000000000036,827
2008,DJI,-50,5
2008,DNK,-201.3,39
2008,DOM,-10,5
2008,DZA,-82,15
2008,ECU,-10,2
2008,EGY,-376.1,86
2008,ESP,-515.6,108
2008,EST,-44.4,7
2008,ETH,-427.1999999999999,53
2008,FIN,-90.8,26
2008,FJI,-462.9999999999999,94
2008,FRA,-10208.299999999987,2121
2008,FSM,-40,13
2008,GAB,-73,13
2008,GBR,-8615.499999999982,1820
2008,GEO,-4,2
2008,GHA,-91.80000000000001,20
2008,GIN,-6.4,3
2008,GNB,0,0
2008,GRC,-6053.7000000000135,884
2008,GUY,-44,8
2008,HKG,-58.199999999999996,15
2008,HND,-10,2
2008,HRV,-61.2,17
2008,HTI,-38.4,11
2008,HUN,-32,10
2008,IDN,-1192.8,246
2008,IND,-3747.400000000002,803
2008,IRL,-598.8,115
2008,IRN,-2316.5000000000014,486
2008,IRQ,-1117.6,172
2008,ISL,-6.8,2
2008,ISR,-781.7999999999996,168
2008,ITA,-881.9999999999999,185
2008,JAM,-75.4,14
2008,JOR,-48,9
2008,JPN,-9788.699999999984,2491
2008,KAZ,-150.60000000000002,40
2008,KEN,-902.2,145
2008,KGZ,-479.5999999999999,101
2008,KHM,-222.20000000000005,54
2008,KOR,-3268.000000000003,677
2008,KWT,-26,6
2008,LAO,-80.80000000000001,22
2008,LBN,-248.60000000000002,49
2008,LBR,-47.8,12
2008,LKA,-345.9,49
2008,LTU,0,0
2008,LUX,-18,2
2008,LVA,-39,6
2008,MAC,-90.89999999999999,17
2008,MAR,0,0
2008,MDA,0,0
2008,MDG,-34,15
2008,MEX,-194.8,46
2008,MKD,-5,1
2008,MLI,-16,5
2008,MLT,-5,1
2008,MMR,-1218.9999999999998,250
2008,MNE,0,0
2008,MNG,-422.8,84
2008,MOZ,-36.8,13
2008,MUS,-7,2
2008,MWI,-138.3,33
2008,MYS,-1977.8000000000018,455
2008,NAM,-195.1,39
2008,NER,0,0
2008,NGA,-522.9,88
2008,NIC,-32.4,8
2008,NLD,-538.0999999999999,131
2008,NOR,-133.3,28
2008,NPL,-6674.099999999991,1183
2008,NZL,-1731.0000000000016,346
2008,OMN,-15,3
2008,PAK,-3083.000000000006,626
2008,PAN,-115.2,15
2008,PER,-139.80000000000004,33
2008,PHL,-2389.500000000004,609
2008,PNG,-107.5,18
2008,POL,-589.1999999999998,129
2008,PRK,-3132.9000000000037,606
2008,PRT,-62.9,17
2008,PRY,-59.19999999999999,21
2008,QAT,-46,13
2008,ROM,0,0
2008,RUS,-8383.999999999978,1985
2008,RWA,-53.8,11
2008,SAU,-224.70000000000007,56
2008,SDN,-5488.599999999994,1019
2008,SEN,-21.8,4
2008,SGP,-1100.0999999999995,259
2008,SLE,-35.5,8
2008,SLV,-14.1,5
2008,SOM,-1537.6000000000008,217
2008,SRB,-235.80000000000004,65
2008,SUR,-53.2,11
2008,SVK,-45.4,7
2008,SVN,0,0
2008,SWE,-278.50000000000006,57
2008,SYR,-143.2,41
2008,TCD,-154,38
2008,TGO,-16,3
2008,THA,-1505.4000000000008,295
2008,TJK,-379.6999999999998,80
2008,TKM,-62.199999999999996,18
2008,TTO,-25,7
2008,TUN,-2,1
2008,TUR,-620.3999999999999,114
2008,TZA,-117,21
2008,UGA,-143,33
2008,UKR,-133.70000000000002,32
2008,URY,-8,1
2008,USA,-38585.80000000001,9483
2008,UZB,-267.70000000000005,66
2008,VEN,-241.10000000000002,57
2008,VNM,-2923.9000000000005,505
2008,VUT,-15,3
2008,YEM,-466.99999999999983,68
2008,ZAF,-593.8000000000002,118
2008,ZMB,-362.5999999999999,67
2008,ZWE,-2296.9000000000015,465
2009,AFG,-2731.9000000000037,478
2009,AGO,-267.1999999999998,39
2009,ARE,-534.0999999999999,117
2009,ARG,-457.39999999999986,122
2009,ARM,-40.8,15
2009,ATG,-10,2
2009,AUS,-15828.399999999954,4067
2009,AUT,-231,35
2009,AZE,-142.3,25
2009,BEL,-791.3999999999997,201
2009,BGD,-913.5999999999998,184
2009,BGR,-79.69999999999999,23
2009,BHR,-68.5,11
2009,BIH,0,0
2009,BLR,-34.5,8
2009,BMU,-157.1,33
2009,BOL,-103.4,19
2009,BRA,-1393.2,345
2009,BRN,-1001.0999999999997,181
2009,BWA,-78.1,19
2009,CAN,-4636.500000000003,1141
2009,CHE,-1643.500000000001,353
2009,CHL,-111.8,27
2009,CMR,-198,26
2009,COD,-73,14
2009,COG,-240,26
2009,COL,-200.29999999999998,40
2009,CRI,-82,31
2009,CUB,-515.4,103
2009,CYM,-34.3,7
2009,CYP,-115,26
2009,CZE,-409.89999999999986,116
2009,DEU,-3750.500000000003,858
2009,DJI,-14.4,2
2009,DNK,-1932.9000000000017,438
2009,DOM,-15,2
2009,DZA,-2021.2000000000003,233
2009,ECU,-115.30000000000001,28
2009,EGY,-474.3999999999999,110
2009,ESP,-1002.4999999999992,228
2009,EST,-14.5,2
2009,ETH,-823,98
2009,FIN,-354.50000000000006,83
2009,FJI,-214.90000000000003,42
2009,FRA,-7735.699999999989,1811
2009,FSM,-97.2,25
2009,GAB,-47,11
2009,GBR,-20038,4518
2009,GEO,0,0
2009,GHA,-341.69999999999993,80
2009,GIN,-101.30000000000001,27
2009,GNB,-75.60000000000001,10
2009,GRC,-345.70000000000005,54
2009,GUY,-18.8,11
2009,HKG,-145.4,48
2009,HND,-59,10
2009,HRV,-66,11
2009,HTI,-181.30000000000004,49
2009,HUN,-188.4,44
2009,IDN,-2414.600000000001,486
2009,IND,-7647.699999999986,1660
2009,IRL,-815.2,147
2009,IRN,-6916.099999999998,1466
2009,IRQ,-1016.0000000000001,153
2009,ISL,-41,7
2009,ISR,-1586.300000000002,359
2009,ITA,-2205.0000000000014,447
2009,JAM,-96.9,18
2009,JOR,-257.6000000000001,62
2009,JPN,-14373.39999999997,3483
2009,KAZ,-1600.2000000000005,322
2009,KEN,-678.6999999999999,145
2009,KGZ,-1081.6,215
2009,KHM,-1236.5,311
2009,KOR,-6483.4999999999945,1298
2009,KWT,-73,25
2009,LAO,-245.60000000000002,49
2009,LBN,-270.30000000000007,79
2009,LBR,-295,36
2009,LKA,-1339.9000000000015,268
2009,LTU,-8,4
2009,LUX,-21.39999999999999,8
2009,LVA,-10.8,3
2009,MAC,-301.4,70
2009,MAR,0,0
2009,MDA,-11.000000000000002,10
2009,MDG,-130,15
2009,MEX,-4111.500000000003,1091
2009,MKD,0,0
2009,MLI,-56.5,14
2009,MLT,-117.20000000000002,26
2009,MMR,-5906.399999999991,1012
2009,MNE,0,0
2009,MNG,-620.4,141
2009,MOZ,-50,9
2009,MUS,-22,3
2009,MWI,-150.5,32
2009,MYS,-2626.600000000002,582
2009,NAM,-318.9999999999999,97
2009,NER,-8.8,3
2009,NGA,-896.3999999999999,203
2009,NIC,-44,15
2009,NLD,-1171.2000000000003,227
2009,NOR,-149,38
2009,NPL,-4178.300000000004,837
2009,NZL,-1152.2999999999995,264
2009,OMN,-49,7
2009,PAK,-6823.599999999987,1386
2009,PAN,-24,3
2009,PER,-179.40000000000003,39
2009,PHL,-5652.599999999998,1088
2009,PNG,-510.09999999999997,82
2009,POL,-803.9999999999999,151
2009,PRK,-12498.799999999985,2904
2009,PRT,-106,18
2009,PRY,-9.4,2
2009,QAT,-75.80000000000001,29
2009,ROM,0,0
2009,RUS,-12494.49999999997,2867
2009,RWA,-43,8
2009,SAU,-747.5999999999998,139
2009,SDN,-1290.7000000000003,357
2009,SEN,-102.9,24
2009,SGP,-1170.0999999999997,253
2009,SLE,-70.7,9
2009,SLV,-39,8
2009,SOM,-1324.4,187
2009,SRB,-181,47
2009,SUR,-38.4,14
2009,SVK,-468.9,81
2009,SVN,0,0
2009,SWE,-475.7,184
2009,SYR,-88.00000000000001,18
2009,TCD,-34.5,7
2009,TGO,-140.5,31
2009,THA,-2127.500000000002,453
2009,TJK,-686.0999999999999,156
2009,TKM,-692.4999999999999,144
2009,TTO,-89.5,15
2009,TUN,-20,4
2009,TUR,-3444.200000000004,753
2009,TZA,-136.8,29
2009,UGA,-189.60000000000002,41
2009,UKR,-397.4999999999999,76
2009,URY,-30.39999999999999,14
2009,USA,-73310.60000000002,19326
2009,UZB,-758.7999999999997,167
2009,VEN,-243.9000000000001,58
2009,VNM,-4936.399999999999,1025
2009,VUT,-1.6,4
2009,YEM,-731,110
2009,ZAF,-620.5999999999999,138
2009,ZMB,-646.6999999999995,184
2009,ZWE,-652.2999999999997,147
2010,AFG,-2254.700000000001,353
2010,AGO,-122.29999999999998,30
2010,ARE,-482.4999999999998,102
2010,ARG,-780.1999999999997,160
2010,ARM,-137.2,26
2010,ATG,-10,2
2010,AUS,-9345.899999999981,2149
2010,AUT,-253.20000000000002,61
2010,AZE,-261.20000000000005,41
2010,BEL,-537.8999999999999,154
2010,BGD,-522.1,113
2010,BGR,-44,11
2010,BHR,-120,15
2010,BIH,0,0
2010,BLR,-61,17
2010,BMU,-47,11
2010,BOL,-132,20
2010,BRA,-1300.6999999999998,234
2010,BRN,-1167.9000000000003,248
2010,BWA,-181.5,32
2010,CAN,-3615.2000000000053,970
2010,CHE,-1834.3000000000022,440
2010,CHL,-352.19999999999993,71
2010,CMR,-239.1,29
2010,COD,-56,12
2010,COG,-130.39999999999998,34
2010,COL,-266.3,50
2010,CRI,-14,7
2010,CUB,-741.5000000000001,173
2010,CYM,-46.599999999999994,11
2010,CYP,-8.8,4
2010,CZE,-237.20000000000002,58
2010,DEU,-2479.800000000003,620
2010,DJI,0,0
2010,DNK,-896.4999999999999,202
2010,DOM,-33,12
2010,DZA,-225.60000000000002,44
2010,ECU,-27.19999999999999,14
2010,EGY,-513.5999999999999,122
2010,ESP,-776.3999999999997,148
2010,EST,-25,3
2010,ETH,-426.89999999999964,76
2010,FIN,-243.30000000000004,61
2010,FJI,-252.5,55
2010,FRA,-4568.100000000003,993
2010,FSM,-72.4,22
2010,GAB,-36.2,10
2010,GBR,-8803.29999999999,1929
2010,GEO,0,0
2010,GHA,-238.5,69
2010,GIN,-31.8,7
2010,GNB,-14,2
2010,GRC,-591.3999999999995,131
2010,GUY,-92.1,26
2010,HKG,-63.5,21
2010,HND,-38,7
2010,HRV,-16,5
2010,HTI,-665.8,145
2010,HUN,-113.3,32
2010,IDN,-1640.3000000000006,397
2010,IND,-4035.500000000008,1036
2010,IRL,-483.79999999999995,107
2010,IRN,-9399.700000000003,2008
2010,IRQ,-888.3999999999995,149
2010,ISL,-23.4,13
2010,ISR,-1262.2,257
2010,ITA,-994.0999999999999,229
2010,JAM,-194.2,43
2010,JOR,-211.89999999999998,43
2010,JPN,-53058.70000000008,13040
2010,KAZ,-1491.7000000000005,268
2010,KEN,-343.09999999999997,76
2010,KGZ,-1449.5,292
2010,KHM,-542.6999999999998,136
2010,KOR,-15847.699999999995,3620
2010,KWT,-59.49999999999999,11
2010,LAO,-144.40000000000003,43
2010,LBN,-113.60000000000005,32
2010,LBR,-85.10000000000001,14
2010,LKA,-1133.2999999999997,238
2010,LTU,-53,8
2010,LUX,-2,1
2010,LVA,-20,4
2010,MAC,-69.5,19
2010,MAR,-300.6,63
2010,MDA,0,0
2010,MDG,-10,3
2010,MEX,-624.8999999999999,114
2010,MKD,-14,3
2010,MLI,-16,5
2010,MLT,-64.69999999999999,14
2010,MMR,-2230.6000000000026,481
2010,MNE,0,0
2010,MNG,-716.6999999999998,145
2010,MOZ,-228,33
2010,MUS,0,0
2010,MWI,-54,14
2010,MYS,-3058.5000000000036,697
2010,NAM,-218.80000000000007,66
2010,NER,-30.399999999999995,14
2010,NGA,-674.0999999999999,130
2010,NIC,0,0
2010,NLD,-492.7999999999999,111
2010,NOR,-7026.59999999999,1579
2010,NPL,-2184.1000000000026,466
2010,NZL,-1685.1000000000004,362
2010,OMN,-23.2,8
2010,PAK,-6411.999999999994,1434
2010,PAN,-67.8,14
2010,PER,-91.69999999999999,23
2010,PHL,-7189.999999999992,1679
2010,PNG,-246,55
2010,POL,-206.60000000000005,55
2010,PRK,-17587.39999999998,3905
2010,PRT,-125.7,27
2010,PRY,0,0
2010,QAT,-155.9,36
2010,ROM,0,0
2010,RUS,-10459.299999999983,2326
2010,RWA,-7,2
2010,SAU,-845.5999999999997,192
2010,SDN,-932.7999999999998,186
2010,SEN,-8,2
2010,SGP,-861.6999999999996,205
2010,SLE,-76.9,21
2010,SLV,-30.2,12
2010,SOM,-484.59999999999997,67
2010,SRB,-383.9999999999999,89
2010,SUR,0,0
2010,SVK,-43.3,9
2010,SVN,0,0
2010,SWE,-1101.8,250
2010,SYR,-48.8,17
2010,TCD,-402,53
2010,TGO,-33,7
2010,THA,-1696.7000000000012,402
2010,TJK,-466.3999999999999,96
2010,TKM,-310.29999999999995,63
2010,TTO,-15,3
2010,TUN,-241.3,53
2010,TUR,-1123.2000000000007,248
2010,TZA,-165.9,29
2010,UGA,-106,30
2010,UKR,-465.4,97
2010,URY,-8,2
2010,USA,-104946.10000000011,26593
2010,UZB,-654.9999999999999,124
2010,VEN,-578.1999999999999,135
2010,VNM,-5813.199999999991,1253
2010,VUT,-10,2
2010,YEM,-719.3,99
2010,ZAF,-398.7,82
2010,ZMB,-1338.6,231
2010,ZWE,-741.5999999999998,157
2011,AFG,-2851.5000000000014,410
2011,AGO,-138.60000000000002,30
2011,ARE,-316.9,74
2011,ARG,-299.1,66
2011,ARM,-184,50
2011,ATG,0,0
2011,AUS,-7152.599999999991,1747
2011,AUT,-258.40000000000003,67
2011,AZE,-141.9,27
2011,BEL,-498.70000000000005,112
2011,BGD,-677.7999999999997,153
2011,BGR,-249,34
2011,BHR,-161.39999999999998,33
2011,BIH,0,0
2011,BLR,-118.1,28
2011,BMU,-116.5,19
2011,BOL,-156.3,29
2011,BRA,-1985.000000000002,487
2011,BRN,-3119.8000000000056,744
2011,BWA,-22.799999999999997,10
2011,CAN,-6651.499999999988,1382
2011,CHE,-1386.0000000000002,313
2011,CHL,-123.80000000000001,39
2011,CMR,-13,4
2011,COD,-115.8,26
2011,COG,-128.4,27
2011,COL,-901.7999999999998,145
2011,CRI,-23,7
2011,CUB,-329.9,81
2011,CYM,-68,12
2011,CYP,-14,5
2011,CZE,-185.9,37
2011,DEU,-4490.800000000002,1038
2011,DJI,0,0
2011,DNK,-299.1,69
2011,DOM,-123.4,21
2011,DZA,-111.5,29
2011,ECU,-247.10000000000002,73
2011,EGY,-3122.600000000004,688
2011,ESP,-1109.3999999999994,230
2011,EST,-215.40000000000003,49
2011,ETH,-465.19999999999993,70
2011,FIN,-425.4999999999999,125
2011,FJI,-157,34
2011,FRA,-5318.699999999998,1382
2011,FSM,-160,38
2011,GAB,0,0
2011,GBR,-9051.599999999971,1931
2011,GEO,0,0
2011,GHA,-414.6,94
2011,GIN,-166,23
2011,GNB,-60,6
2011,GRC,-1168.5000000000002,254
2011,GUY,-52,6
2011,HKG,-201.4,70
2011,HND,-20,2
2011,HRV,-170.3,29
2011,HTI,-58,9
2011,HUN,-234.1,52
2011,IDN,-2402.200000000003,555
2011,IND,-3404.5000000000027,808
2011,IRL,-633.5,141
2011,IRN,-5552.100000000002,1234
2011,IRQ,-1146.4999999999998,180
2011,ISL,-212.4,56
2011,ISR,-1987.0000000000007,436
2011,ITA,-1596.3000000000009,355
2011,JAM,-168.20000000000002,35
2011,JOR,-327.1,67
2011,JPN,-19865.000000000004,4741
2011,KAZ,-651.7999999999998,119
2011,KEN,-598.5,142
2011,KGZ,-632.9999999999999,102
2011,KHM,-1002.6999999999988,225
2011,KOR,-10412.199999999984,1974
2011,KWT,-249.60000000000002,56
2011,LAO,-410.09999999999974,105
2011,LBN,-431.7,91
2011,LBR,-98,16
2011,LKA,-958.6999999999997,203
2011,LTU,-4,1
2011,LUX,-10.2,6
2011,LVA,-11.8,6
2011,MAC,-251.3,43
2011,MAR,-86.5,15
2011,MDA,-4,2
2011,MDG,-17,4
2011,MEX,-1378.6,317
2011,MKD,-25,5
2011,MLI,-122,14
2011,MLT,-292.5,59
2011,MMR,-4265.300000000006,797
2011,MNE,0,0
2011,MNG,-2494.9000000000005,420
2011,MOZ,-73.8,16
2011,MUS,-4,2
2011,MWI,-29.199999999999996,10
2011,MYS,-4213.500000000007,1024
2011,NAM,-225.09999999999997,53
2011,NER,-73.5,8
2011,NGA,-1075.6,188
2011,NIC,0,0
2011,NLD,-1087.2000000000003,235
2011,NOR,-1024.4999999999995,194
2011,NPL,-3186.4000000000033,657
2011,NZL,-2569.700000000001,478
2011,OMN,-304.9,61
2011,PAK,-9717.199999999983,2042
2011,PAN,-133.1,40
2011,PER,-129.40000000000003,29
2011,PHL,-24693.199999999997,5928
2011,PNG,-73.2,12
2011,POL,-282.59999999999997,67
2011,PRK,-7429.699999999984,1602
2011,PRT,-580.0999999999999,116
2011,PRY,0,0
2011,QAT,-166.20000000000002,41
2011,ROM,0,0
2011,RUS,-19878.300000000003,4715
2011,RWA,-81.4,21
2011,SAU,-752.1,134
2011,SDN,-1708.3000000000027,459
2011,SEN,-60.8,8
2011,SGP,-1258,304
2011,SLE,-69.8,18
2011,SLV,-30,3
2011,SOM,-904.3999999999997,124
2011,SRB,-31,10
2011,SUR,-10.8,3
2011,SVK,-47.4,7
2011,SVN,0,0
2011,SWE,-705.3,186
2011,SYR,-6840.900000000001,1813
2011,TCD,-27.4,5
2011,TGO,-38.5,11
2011,THA,-4549.900000000002,861
2011,TJK,-533.7999999999998,99
2011,TKM,-49.2,9
2011,TTO,-129,26
2011,TUN,-707.9999999999999,125
2011,TUR,-1485.9000000000003,297
2011,TZA,-225.50000000000003,43
2011,UGA,-189,31
2011,UKR,-433.7999999999998,92
2011,URY,-16,4
2011,USA,-92905.39999999986,23980
2011,UZB,-269.70000000000005,45
2011,VEN,-252.5,36
2011,VNM,-20519.6,4422
2011,VUT,-22.800000000000004,7
2011,YEM,-863.7999999999998,156
2011,ZAF,-990.6999999999996,247
2011,ZMB,-1034.3,209
2011,ZWE,-1145.5999999999992,253
2012,AFG,-2997.4000000000046,470
2012,AGO,-507.5,88
2012,ARE,-468.49999999999994,87
2012,ARG,-911.6000000000001,191
2012,ARM,-178,34
2012,ATG,-88.8,24
2012,AUS,-9626.899999999972,2310
2012,AUT,-455.3999999999999,123
2012,AZE,-127.5,25
2012,BEL,-713.0999999999996,201
2012,BGD,-570.4999999999998,149
2012,BGR,-282,51
2012,BHR,-340.49999999999994,59
2012,BIH,0,0
2012,BLR,-157.4,42
2012,BMU,-49,8
2012,BOL,-175.20000000000002,35
2012,BRA,-1776.6000000000008,447
2012,BRN,-5003.699999999999,1134
2012,BWA,-38,11
2012,CAN,-12403.499999999953,2525
2012,CHE,-1164.3999999999996,284
2012,CHL,-356.8,68
2012,CMR,-160.60000000000002,24
2012,COD,-208.3,29
2012,COG,-645.4,77
2012,COL,-682,96
2012,CRI,-54.9,13
2012,CUB,-698.4,181
2012,CYM,-157,31
2012,CYP,-47.8,22
2012,CZE,-172.9,35
2012,DEU,-5141.3,1177
2012,DJI,-7.2,1
2012,DNK,-404.49999999999994,107
2012,DOM,-37,4
2012,DZA,-117.5,29
2012,ECU,-452.70000000000005,101
2012,EGY,-2415.800000000002,481
2012,ESP,-1957.3000000000015,363
2012,EST,-90.4,23
2012,ETH,-290.40000000000003,56
2012,FIN,-392.1,97
2012,FJI,-201.6,36
2012,FRA,-6929.299999999997,1560
2012,FSM,-199,41
2012,GAB,-46.8,9
2012,GBR,-30057.50000000003,5479
2012,GEO,0,0
2012,GHA,-1363.6000000000013,249
2012,GIN,-16.8,3
2012,GNB,-48.99999999999999,11
2012,GRC,-1109.6000000000001,196
2012,GUY,-80.6,23
2012,HKG,-195.5,58
2012,HND,-33,8
2012,HRV,-190.4,26
2012,HTI,-60.59999999999998,20
2012,HUN,-135,22
2012,IDN,-2551.2000000000016,550
2012,IND,-5042.599999999993,999
2012,IRL,-1409.4,270
2012,IRN,-9486.199999999986,2268
2012,IRQ,-1145.4,246
2012,ISL,-31,12
2012,ISR,-2333.300000000003,562
2012,ITA,-2036.8000000000006,442
2012,JAM,-83.2,21
2012,JOR,-162.8,41
2012,JPN,-67236.10000000003,15520
2012,KAZ,-503.3999999999999,80
2012,KEN,-752.6,152
2012,KGZ,-634.5000000000002,118
2012,KHM,-2846.2000000000025,654
2012,KOR,-12739.999999999962,2874
2012,KWT,-180.7,31
2012,LAO,-682.9,132
2012,LBN,-1074.3999999999999,198
2012,LBR,-75,18
2012,LKA,-2234.700000000003,507
2012,LTU,-20,2
2012,LUX,-22,5
2012,LVA,-20.799999999999997,6
2012,MAC,-58.099999999999994,17
2012,MAR,-419,75
2012,MDA,-4,1
2012,MDG,-25.200000000000003,6
2012,MEX,-746.5,169
2012,MKD,-18,7
2012,MLI,-64.19999999999999,30
2012,MLT,-39,8
2012,MMR,-4096.5000000000055,830
2012,MNE,0,0
2012,MNG,-1211.4999999999998,241
2012,MOZ,-79.6,20
2012,MUS,-5,1
2012,MWI,-71.19999999999999,22
2012,MYS,-3546.800000000002,842
2012,NAM,-137.60000000000002,46
2012,NER,-20.4,3
2012,NGA,-2755.000000000002,420
2012,NIC,-65,10
2012,NLD,-1231.9,252
2012,NOR,-853.0999999999997,200
2012,NPL,-2119.7000000000025,439
2012,NZL,-1682.2000000000005,446
2012,OMN,-237.90000000000003,60
2012,PAK,-6868.9999999999845,1353
2012,PAN,-45.8,8
2012,PER,-122.3,19
2012,PHL,-34489,8508
2012,PNG,-39.2,9
2012,POL,-475.8,85
2012,PRK,-10511.699999999988,2628
2012,PRT,-255.8,52
2012,PRY,-10.4,3
2012,QAT,-654.4999999999998,148
2012,ROM,0,0
2012,RUS,-31279.10000000002,7418
2012,RWA,-67.2,19
2012,SAU,-853.3999999999999,196
2012,SDN,-5490.300000000002,941
2012,SEN,-92.7,16
2012,SGP,-2515.800000000004,631
2012,SLE,-69.9,29
2012,SLV,-70,13
2012,SOM,-305.5999999999999,52
2012,SRB,-114.5,27
2012,SUR,-10,2
2012,SVK,-24.4,4
2012,SVN,0,0
2012,SWE,-385.9,114
2012,SYR,-32548.199999999983,8179
2012,TCD,-64.3,22
2012,TGO,-2,1
2012,THA,-3673.1000000000017,650
2012,TJK,-238.4999999999999,43
2012,TKM,-11,4
2012,TTO,-96,15
2012,TUN,-760,177
2012,TUR,-2650.800000000001,572
2012,TZA,-106.8,34
2012,UGA,-311.20000000000005,78
2012,UKR,-265.1,48
2012,URY,-15,3
2012,USA,-118880.99999999999,29361
2012,UZB,-198.20000000000005,50
2012,VEN,-346.6,57
2012,VNM,-16459.299999999974,3408
2012,VUT,-28,4
2012,YEM,-592.1000000000001,98
2012,ZAF,-673.8,128
2012,ZMB,-1597.6,280
2012,ZWE,-828.4999999999998,188
2013,AFG,-3003.300000000003,502
2013,AGO,-195.8,35
2013,ARE,-464.49999999999994,94
2013,ARG,-646.7999999999998,155
2013,ARM,-131,36
2013,ATG,0,0
2013,AUS,-9459.399999999983,2485
2013,AUT,-329.9,76
2013,AZE,-102.5,25
2013,BEL,-838.0999999999996,253
2013,BGD,-660.399999999999,202
2013,BGR,-230,38
2013,BHR,-204,39
2013,BIH,0,0
2013,BLR,-208.20000000000005,53
2013,BMU,0,0
2013,BOL,-75.2,18
2013,BRA,-1384.5000000000005,350
2013,BRN,-3311.8000000000034,939
2013,BWA,-56.4,18
2013,CAN,-5402.100000000001,1229
2013,CHE,-2005.3000000000009,464
2013,CHL,-121.8,30
2013,CMR,-48.8,11
2013,COD,-80,17
2013,COG,-128.9,32
2013,COL,-183.2,36
2013,CRI,-128.4,30
2013,CUB,-437.3999999999999,138
2013,CYM,-165.60000000000002,30
2013,CYP,-176.1,52
2013,CZE,-159.5,30
2013,DEU,-3628.0000000000055,1017
2013,DJI,0,0
2013,DNK,-334,102
2013,DOM,-10,1
2013,DZA,-216.3,28
2013,ECU,-263.30000000000007,86
2013,EGY,-2316.5000000000027,459
2013,ESP,-2823.5000000000005,653
2013,EST,-49,11
2013,ETH,-571.2,81
2013,FIN,-608.8,123
2013,FJI,-332.79999999999995,73
2013,FRA,-6529.299999999991,1883
2013,FSM,-114.60000000000002,38
2013,GAB,-127,21
2013,GBR,-20278.20000000001,4641
2013,GEO,0,0
2013,GHA,-3230.5000000000027,590
2013,GIN,-50.3,9
2013,GNB,-50,7
2013,GRC,-374.59999999999997,80
2013,GUY,-138,24
2013,HKG,-396.7999999999999,134
2013,HND,-14,3
2013,HRV,-75.5,17
2013,HTI,-48.5,10
2013,HUN,-51,9
2013,IDN,-3451.900000000004,720
2013,IND,-5016.399999999996,1037
2013,IRL,-3207.200000000002,625
2013,IRN,-5819.199999999993,1286
2013,IRQ,-1264.2000000000003,190
2013,ISL,-85.5,15
2013,ISR,-2594.2000000000025,559
2013,ITA,-2408.9000000000015,489
2013,JAM,-263.5,59
2013,JOR,-184.0000000000001,65
2013,JPN,-62212.90000000005,15953
2013,KAZ,-610.5999999999998,121
2013,KEN,-1963.200000000001,393
2013,KGZ,-759.9,152
2013,KHM,-1191.2999999999997,239
2013,KOR,-15016.399999999965,3662
2013,KWT,-36,10
2013,LAO,-758.3999999999997,130
2013,LBN,-617.6999999999999,111
2013,LBR,-92.2,18
2013,LKA,-1512.0000000000011,283
2013,LTU,-59,21
2013,LUX,-100.2,14
2013,LVA,-19.5,3
2013,MAC,-89.3,17
2013,MAR,-87,21
2013,MDA,-10,1
2013,MDG,-155,18
2013,MEX,-904.0999999999999,216
2013,MKD,-24,4
2013,MLI,-108.9,20
2013,MLT,-198.8,52
2013,MMR,-3950.0000000000073,696
2013,MNE,0,0
2013,MNG,-1241.3000000000004,248
2013,MOZ,-92.8,18
2013,MUS,-24,9
2013,MWI,-73,17
2013,MYS,-5441.599999999996,1351
2013,NAM,-140.8,30
2013,NER,-53.5,11
2013,NGA,-1303.3,265
2013,NIC,-468.49999999999994,67
2013,NLD,-521.9000000000001,138
2013,NOR,-400.70000000000005,118
2013,NPL,-2825.600000000002,487
2013,NZL,-2501.5000000000023,655
2013,OMN,-211.79999999999998,46
2013,PAK,-9018.999999999975,1756
2013,PAN,-102,21
2013,PER,-269.20000000000005,46
2013,PHL,-25926.300000000017,6380
2013,PNG,-784.3,98
2013,POL,-352.2999999999999,66
2013,PRK,-17139.399999999998,3881
2013,PRT,-169.3,34
2013,PRY,-7,2
2013,QAT,-742.6999999999999,144
2013,ROM,0,0
2013,RUS,-20433.59999999999,5155
2013,RWA,-47,6
2013,SAU,-935.0999999999998,213
2013,SDN,-1648.1000000000004,224
2013,SEN,-26,13
2013,SGP,-2701.3000000000015,549
2013,SLE,-54.8,17
2013,SLV,-30,4
2013,SOM,-490.99999999999966,66
2013,SRB,-94.5,18
2013,SUR,-4,2
2013,SVK,-29,7
2013,SVN,0,0
2013,SWE,-317.40000000000003,82
2013,SYR,-9228.099999999988,1965
2013,TCD,-127,25
2013,TGO,-69.5,11
2013,THA,-4538.600000000003,922
2013,TJK,-364.00000000000006,65
2013,TKM,-108.00000000000003,25
2013,TTO,-104,22
2013,TUN,-316.5,44
2013,TUR,-1800.0000000000018,423
2013,TZA,-479.39999999999986,98
2013,UGA,-170.5,40
2013,UKR,-569.0999999999997,134
2013,URY,-36,8
2013,USA,-122893.79999999992,30707
2013,UZB,-259.9,53
2013,VEN,-364.29999999999995,103
2013,VNM,-9763.599999999982,2143
2013,VUT,0,0
2013,YEM,-309.4,49
2013,ZAF,-820.0999999999991,185
2013,ZMB,-669.0999999999999,143
2013,ZWE,-660.7999999999997,151
2014,AFG,-3455.9000000000083,749
2014,AGO,-220.4,65
2014,ARE,-423.0000000000001,142
2014,ARG,-619.7999999999996,158
2014,ARM,-267,50
2014,ATG,0,0
2014,AUS,-23128.30000000003,5999
2014,AUT,-804.3,141
2014,AZE,-75.6,23
2014,BEL,-849.9999999999998,173
2014,BGD,-1460.4000000000005,323
2014,BGR,-155.6,37
2014,BHR,-397.6,68
2014,BIH,0,0
2014,BLR,-166.4,37
2014,BMU,-8.4,4
2014,BOL,-231.10000000000002,51
2014,BRA,-1818.5000000000014,409
2014,BRN,-10286.499999999975,2510
2014,BWA,-45.599999999999994,8
2014,CAN,-17357.499999999975,3928
2014,CHE,-1963.3000000000004,468
2014,CHL,-272,73
2014,CMR,-1621.5000000000002,229
2014,COD,-71.2,12
2014,COG,-62,15
2014,COL,-308.40000000000003,57
2014,CRI,-18.799999999999997,8
2014,CUB,-844.0999999999999,205
2014,CYM,-71.6,17
2014,CYP,-247.20000000000005,57
2014,CZE,-560.3,171
2014,DEU,-7024.099999999991,1614
2014,DJI,-48,8
2014,DNK,-385.9,87
2014,DOM,-23,7
2014,DZA,-256.40000000000003,49
2014,ECU,-428.59999999999997,86
2014,EGY,-1628.7000000000014,331
2014,ESP,-2888.600000000002,598
2014,EST,-29.599999999999998,5
2014,ETH,-314.20000000000005,70
2014,FIN,-779.9999999999999,140
2014,FJI,-329.3,56
2014,FRA,-7794.2999999999865,1989
2014,FSM,-263.20000000000005,72
2014,GAB,-62,13
2014,GBR,-26670.100000000017,6187
2014,GEO,0,0
2014,GHA,-860.9999999999999,194
2014,GIN,-139.7,39
2014,GNB,-5,12
2014,GRC,-999.8999999999999,197
2014,GUY,-93,21
2014,HKG,-781.9999999999998,221
2014,HND,-53.5,8
2014,HRV,-107.7,29
2014,HTI,-27.6,13
2014,HUN,-285.8,61
2014,IDN,-5378.899999999999,1253
2014,IND,-7258.199999999984,1595
2014,IRL,-1318.5,299
2014,IRN,-6054.499999999995,1410
2014,IRQ,-3574.6000000000063,666
2014,ISL,-172.99999999999997,51
2014,ISR,-3263.1000000000076,744
2014,ITA,-2573.500000000002,607
2014,JAM,-351.29999999999995,58
2014,JOR,-648.3,134
2014,JPN,-70128.09999999993,17696
2014,KAZ,-792.7,148
2014,KEN,-2871.200000000001,643
2014,KGZ,-1378.9,255
2014,KHM,-3348.3000000000015,629
2014,KOR,-18721.89999999999,4176
2014,KWT,-212.4,42
2014,LAO,-830.3000000000003,178
2014,LBN,-460.70000000000005,117
2014,LBR,-294.1,65
2014,LKA,-2663.2000000000044,672
2014,LTU,-67.9,15
2014,LUX,-127,26
2014,LVA,-66.3,11
2014,MAC,-94.4,27
2014,MAR,-102.30000000000001,23
2014,MDA,-30,8
2014,MDG,-114.7,35
2014,MEX,-1751.4000000000008,403
2014,MKD,-70,14
2014,MLI,-224.4,30
2014,MLT,-191.39999999999998,54
2014,MMR,-4201.7000000000035,860
2014,MNE,0,0
2014,MNG,-1867.5000000000011,358
2014,MOZ,-243.90000000000003,53
2014,MUS,-45,9
2014,MWI,-80.8,15
2014,MYS,-32013.19999999999,8317
2014,NAM,-580.7,163
2014,NER,-6.5,1
2014,NGA,-3504.700000000001,597
2014,NIC,-239.40000000000003,50
2014,NLD,-818.6999999999999,197
2014,NOR,-1308.5000000000005,283
2014,NPL,-2751.000000000002,590
2014,NZL,-3803.6000000000045,928
2014,OMN,-286.40000000000003,72
2014,PAK,-12689.499999999953,2554
2014,PAN,-75,19
2014,PER,-396.4,101
2014,PHL,-50656.999999999985,12229
2014,PNG,-96,20
2014,POL,-595.1999999999999,128
2014,PRK,-18924.799999999996,3983
2014,PRT,-643.2999999999998,149
2014,PRY,-77,13
2014,QAT,-1262.2000000000003,228
2014,ROM,0,0
2014,RUS,-26719.800000000017,6351
2014,RWA,-152.5,28
2014,SAU,-1551.2000000000005,343
2014,SDN,-1309.3999999999999,231
2014,SEN,-41,9
2014,SGP,-4138.1,923
2014,SLE,-245.10000000000005,62
2014,SLV,-81,15
2014,SOM,-404.5,76
2014,SRB,-161.20000000000002,38
2014,SUR,-2,1
2014,SVK,-135.3,32
2014,SVN,0,0
2014,SWE,-363.59999999999997,93
2014,SYR,-4932.600000000002,988
2014,TCD,-120,29
2014,TGO,-10,2
2014,THA,-7005.199999999981,1491
2014,TJK,-675.7999999999998,137
2014,TKM,-75.89999999999999,20
2014,TTO,-88,18
2014,TUN,-297.5,36
2014,TUR,-2987.500000000004,631
2014,TZA,-543.0999999999999,130
2014,UGA,-1148.9,185
2014,UKR,-4896.000000000004,1180
2014,URY,-27.8,7
2014,USA,-174528.89999999997,44123
2014,UZB,-491.8999999999999,96
2014,VEN,-698.2999999999997,155
2014,VNM,-80149.1,16415
2014,VUT,-13,5
2014,YEM,-851.4000000000002,127
2014,ZAF,-911,182
2014,ZMB,-1027.3999999999992,222
2014,ZWE,-1106.1,287
2015,AFG,-3993.800000000009,869
2015,AGO,-474.2999999999999,97
2015,ARE,-1435.1999999999998,260
2015,ARG,-1242.5000000000007,322
2015,ARM,-491.20000000000005,115
2015,ATG,-65,26
2015,AUS,-20068.400000000012,5063
2015,AUT,-499.3999999999998,112
2015,AZE,-238.90000000000006,67
2015,BEL,-1063.8,251
2015,BGD,-1997.1999999999998,356
2015,BGR,-343,69
2015,BHR,-135.4,29
2015,BIH,0,0
2015,BLR,-2003.6000000000004,325
2015,BMU,-10,3
2015,BOL,-502.9,82
2015,BRA,-2680.700000000003,698
2015,BRN,-19077.299999999996,5108
2015,BWA,-171.3,45
2015,CAN,-10800.199999999975,2655
2015,CHE,-6428.099999999993,1440
2015,CHL,-702.0999999999997,165
2015,CMR,-280.59999999999997,49
2015,COD,-191.1,37
2015,COG,-1035,129
2015,COL,-2228.6000000000004,439
2015,CRI,-63.599999999999994,13
2015,CUB,-1008.0999999999999,237
2015,CYM,-86.6,29
2015,CYP,-98.9,43
2015,CZE,-482.1000000000001,116
2015,DEU,-9549.199999999986,2351
2015,DJI,-614.5000000000003,114
2015,DNK,-1205.3000000000002,337
2015,DOM,-57.5,14
2015,DZA,-285.70000000000005,73
2015,ECU,-675.5999999999999,149
2015,EGY,-3038.2000000000035,654
2015,ESP,-4788.399999999998,1017
2015,EST,-165.8,52
2015,ETH,-486,97
2015,FIN,-674.4999999999998,242
2015,FJI,-271.8,65
2015,FRA,-16867.499999999985,3826
2015,FSM,0,0
2015,GAB,-85.5,18
2015,GBR,-27451.700000000037,6722
2015,GEO,0,0
2015,GHA,-1084.4999999999995,222
2015,GIN,-69.69999999999999,14
2015,GNB,-6.5,1
2015,GRC,-1960.5000000000055,643
2015,GUY,-276.5,55
2015,HKG,-1204,405
2015,HND,-54.5,14
2015,HRV,-122.90000000000002,28
2015,HTI,-204.50000000000006,47
2015,HUN,-333.20000000000005,76
2015,IDN,-7753.899999999969,1868
2015,IND,-8284.199999999979,1994
2015,IRL,-1586.7000000000005,352
2015,IRN,-10557.79999999998,2327
2015,IRQ,-4193.400000000001,642
2015,ISL,-158.50000000000003,31
2015,ISR,-2531.4000000000033,640
2015,ITA,-6005.799999999995,1368
2015,JAM,-399.20000000000005,87
2015,JOR,-628.6,139
2015,JPN,-82005.39999999995,18839
2015,KAZ,-1459.8000000000006,291
2015,KEN,-1952.300000000001,500
2015,KGZ,-1180.0000000000005,224
2015,KHM,-2195.9,489
2015,KOR,-25171.200000000037,5597
2015,KWT,-238.39999999999998,54
2015,LAO,-854.0999999999999,182
2015,LBN,-643.5,133
2015,LBR,-170.7,42
2015,LKA,-3021.800000000004,831
2015,LTU,-159.2,38
2015,LUX,-63.699999999999974,25
2015,LVA,-247.20000000000002,50
2015,MAC,-222.7,40
2015,MAR,-384.6,72
2015,MDA,-65.4,15
2015,MDG,-166.60000000000002,35
2015,MEX,-2463.1000000000026,574
2015,MKD,-106.5,22
2015,MLI,-4123.2,559
2015,MLT,-147.4,37
2015,MMR,-20986.600000000028,3536
2015,MNE,0,0
2015,MNG,-2776.5000000000014,576
2015,MOZ,-305.9,59
2015,MUS,-128.6,28
2015,MWI,-179.8,43
2015,MYS,-15385.799999999981,3831
2015,NAM,-589.5999999999999,151
2015,NER,-7,2
2015,NGA,-3106.1000000000004,627
2015,NIC,-415.9999999999999,117
2015,NLD,-2655.700000000001,565
2015,NOR,-2940.200000000001,476
2015,NPL,-6075.699999999987,1149
2015,NZL,-3998.900000000008,1108
2015,OMN,-88.40000000000002,26
2015,PAK,-22047.899999999987,4749
2015,PAN,-162.00000000000003,50
2015,PER,-964.1999999999999,216
2015,PHL,-44207.20000000002,11531
2015,PNG,-79.9,15
2015,POL,-955.5999999999998,217
2015,PRK,-23286,4542
2015,PRT,-712.4999999999997,159
2015,PRY,-172.8,37
2015,QAT,-520.4999999999998,136
2015,ROM,0,0
2015,RUS,-49928.39999999997,10402
2015,RWA,-123.60000000000001,38
2015,SAU,-2685.400000000002,527
2015,SDN,-985,213
2015,SEN,-107.5,25
2015,SGP,-6419.5999999999885,1540
2015,SLE,-172,39
2015,SLV,-556,70
2015,SOM,-3134.1,396
2015,SRB,-346.69999999999993,78
2015,SUR,-32.8,5
2015,SVK,-158.8,47
2015,SVN,0,0
2015,SWE,-981.3999999999995,239
2015,SYR,-9598.999999999978,1790
2015,TCD,-134,22
2015,TGO,-13.200000000000001,8
2015,THA,-14442.799999999997,2767
2015,TJK,-649,134
2015,TKM,-384.9999999999999,75
2015,TTO,-260.70000000000005,53
2015,TUN,-254.10000000000002,54
2015,TUR,-13689.799999999965,2968
2015,TZA,-1625.3000000000009,398
2015,UGA,-546.8,98
2015,UKR,-3084.900000000003,691
2015,URY,-100.89999999999999,18
2015,USA,-195978.9000000118,48754
2015,UZB,-561.7,87
2015,VEN,-958.7999999999992,254
2015,VNM,-26688.100000000017,5656
2015,VUT,-14.2,2
2015,YEM,-4940.199999999998,1326
2015,ZAF,-2459.300000000001,506
2015,ZMB,-1029.3999999999994,237
2015,ZWE,-2299.3,513
2016,AFG,-7354.600000029792,1602
2016,AGO,-936.5000000000001,181
2016,ARE,-1453.8,308
2016,ARG,-4317.400000000002,987
2016,ARM,-594.8,127
2016,ATG,-90,36
2016,AUS,-39188.30000254524,9618
2016,AUT,-1024.3999999999999,255
2016,AZE,-325.5,76
2016,BEL,-4521.9000000059605,902
2016,BGD,-4035.200000005961,797
2016,BGR,-526.3,137
2016,BHR,-270.5,51
2016,BIH,0,0
2016,BLR,-1124.900000029802,258
2016,BMU,-19.6,5
2016,BOL,-1125.0000000357627,261
2016,BRA,-3298.100000000003,848
2016,BRN,-46473.49999993598,11336
2016,BWA,-354.70000000000005,82
2016,CAN,-20114.100000065562,5382
2016,CHE,-8976.900000196687,2012
2016,CHL,-1140.1000000000001,282
2016,CMR,-511.2,96
2016,COD,-326.2,63
2016,COG,-299,73
2016,COL,-1641.9000000000003,339
2016,CRI,-115.4,31
2016,CUB,-1371.6000000000001,316
2016,CYM,-93.80000019073486,22
2016,CYP,-197.99999999999997,60
2016,CZE,-2871.7000000000007,577
2016,DEU,-13816.20000028609,3254
2016,DJI,-376.1,64
2016,DNK,-1282.4000000119208,332
2016,DOM,-134,34
2016,DZA,-499.80000019073486,104
2016,ECU,-959.8999999999999,211
2016,EGY,-6156.700000381467,1330
2016,ESP,-6257.199999999993,1326
2016,EST,-110.2,40
2016,ETH,-610.8,149
2016,FIN,-746.5999999999999,210
2016,FJI,-492.2,106
2016,FRA,-20424.600000023845,4126
2016,FSM,-49.5,12
2016,GAB,-97.4,26
2016,GBR,-37290.499998980864,8656
2016,GEO,0,0
2016,GHA,-1315.5000000000002,250
2016,GIN,-711.8,107
2016,GNB,-32,9
2016,GRC,-2415.200000002981,471
2016,GUY,-431.09999999999997,92
2016,HKG,-1155.0000000193713,398
2016,HND,-194.60000000000002,46
2016,HRV,-329.70000000000005,83
2016,HTI,-141.9,35
2016,HUN,-687.1999999999999,127
2016,IDN,-39103.70000020863,7156
2016,IND,-17907.29999980926,3955
2016,IRL,-1916.9999998092658,408
2016,IRN,-12118.300000190717,2511
2016,IRQ,-5520.199999999997,763
2016,ISL,-220.4,45
2016,ISR,-4475.300000190736,967
2016,ITA,-7708.799999999997,1682
2016,JAM,-446.69999999999993,90
2016,JOR,-1039.8999999999999,201
2016,JPN,-82735.49999592899,20993
2016,KAZ,-2018.6000000059605,415
2016,KEN,-4889.3,967
2016,KGZ,-9766.500000011916,1358
2016,KHM,-6319.8000000417205,1493
2016,KOR,-51825.30000238723,12382
2016,KWT,-367.1,68
2016,LAO,-6146.300000172849,1090
2016,LBN,-744.0999999999998,155
2016,LBR,-249.8,62
2016,LKA,-3223.400000000002,788
2016,LTU,-107.2,29
2016,LUX,-381,92
2016,LVA,-432.4,93
2016,MAC,-451.9,96
2016,MAR,-1262.3999999999999,275
2016,MDA,-66,14
2016,MDG,-502.2,102
2016,MEX,-5348.999999999999,1148
2016,MKD,-158.7,41
2016,MLI,-4306.599999999999,492
2016,MLT,-342.9000000029802,62
2016,MMR,-8750.10000001787,1532
2016,MNE,0,0
2016,MNG,-5980.700000000001,1256
2016,MOZ,-397.8999999999999,82
2016,MUS,-222.8,56
2016,MWI,-284.80000001192093,58
2016,MYS,-15315.400000059592,4184
2016,NAM,-797.5,169
2016,NER,-78.2,20
2016,NGA,-5636.400000023839,1161
2016,NIC,-190.80000000000004,37
2016,NLD,-9435.599999999995,2895
2016,NOR,-1573.2000002980233,356
2016,NPL,-5605.2000000149,1278
2016,NZL,-5588.200000137092,1448
2016,OMN,-245.4,64
2016,PAK,-43466.399999165646,9397
2016,PAN,-1847.8999999999992,487
2016,PER,-1800,438
2016,PHL,-84333.30000140077,21504
2016,PNG,-190.8,48
2016,POL,-1982.800000000001,527
2016,PRK,-71748.9000077307,16181
2016,PRT,-839.3999999999999,168
2016,PRY,-276.9,64
2016,QAT,-549.8000001907349,119
2016,ROM,0,0
2016,RUS,-56861.20000058424,13238
2016,RWA,-814.6,133
2016,SAU,-4697.300000035768,1133
2016,SDN,-1961.7999994277957,374
2016,SEN,-399.20000000000005,68
2016,SGP,-7688.800000131127,2054
2016,SLE,-241.00000000000003,62
2016,SLV,-155,22
2016,SOM,-1512.5000000000002,190
2016,SRB,-1097.7,294
2016,SUR,-38.5,5
2016,SVK,-1100.9,245
2016,SVN,0,0
2016,SWE,-3751.599999813739,932
2016,SYR,-13169.09999973176,2660
2016,TCD,-110,31
2016,TGO,-133.29999999999998,37
2016,THA,-12761.700000071507,2478
2016,TJK,-1620.1999999999998,259
2016,TKM,-254.8,44
2016,TTO,-287.5,54
2016,TUN,-313.7,53
2016,TUR,-7963.900000095363,1623
2016,TZA,-1509.9,322
2016,UGA,-1227.7000000000003,258
2016,UKR,-3903.0000000000005,793
2016,URY,-336.8,78
2016,USA,-275973.50000636274,68428
2016,UZB,-1009.4999999999999,202
2016,VEN,-1948.6,430
2016,VNM,-52748.800000482865,11649
2016,VUT,-28.4,9
2016,YEM,-1470.6000000000001,363
2016,ZAF,-1990.0000000119217,386
2016,ZMB,-921.9999999999999,269
2016,ZWE,-1916.5000001192102,502
2017,AFG,-6890.099999999999,1460
2017,AGO,-371,90
2017,ARE,-1403.3999999999999,270
2017,ARG,-1460.6000000000001,369
2017,ARM,-396.30000000000007,102
2017,ATG,-39.5,7
2017,AUS,-31926.800000000003,8370
2017,AUT,-923,190
2017,AZE,-870.4,142
2017,BEL,-1791.3000000000006,471
2017,BGD,-3180.8000000000015,721
2017,BGR,-360.59999999999997,89
2017,BHR,-223.1,47
2017,BIH,0,0
2017,BLR,-1189.3,280
2017,BMU,-82,13
2017,BOL,-1032.5,260
2017,BRA,-4025.100000000001,876
2017,BRN,-19692.19999999999,4781
2017,BWA,-1662,432
2017,CAN,-13678.19999999999,3235
2017,CHE,-13099.599999999991,2750
2017,CHL,-1124.3,236
2017,CMR,-455.79999999999995,85
2017,COD,-372,78
2017,COG,-408.9,73
2017,COL,-3335.6000000000004,654
2017,CRI,-148.8,30
2017,CUB,-1099.6999999999998,267
2017,CYM,-164,28
2017,CYP,-455.4,71
2017,CZE,-945.7999999999998,208
2017,DEU,-16970.199999999993,4401
2017,DJI,-3057.1,554
2017,DNK,-1310.8,316
2017,DOM,-143.5,30
2017,DZA,-341.70000000000005,77
2017,ECU,-2198.4,493
2017,EGY,-5359.999999999999,1108
2017,ESP,-5461.499999999998,1206
2017,EST,-132,46
2017,ETH,-1482.3999999999999,290
2017,FIN,-1393.2,459
2017,FJI,-630,132
2017,FRA,-23002.999999999996,4627
2017,FSM,-73,15
2017,GAB,-168.89999999999998,25
2017,GBR,-27419.10000000001,6369
2017,GEO,0,0
2017,GHA,-3324.2000000000003,735
2017,GIN,-370.59999999999997,75
2017,GNB,-141,27
2017,GRC,-2124.600000000001,528
2017,GUY,-352.29999999999995,67
2017,HKG,-841.4999999999999,284
2017,HND,-147.1,30
2017,HRV,-380.70000000000005,80
2017,HTI,-211,43
2017,HUN,-778.5999999999998,170
2017,IDN,-11400.199999999992,2279
2017,IND,-32928.40000000001,7565
2017,IRL,-987.0999999999998,242
2017,IRN,-11043.599999999993,2346
2017,IRQ,-4125.200000000001,603
2017,ISL,-518.5,62
2017,ISR,-4507.499999999999,1106
2017,ITA,-5606.900000000001,1255
2017,JAM,-579.5999999999999,144
2017,JOR,-889.5999999999999,200
2017,JPN,-63934.89999999999,14010
2017,KAZ,-2426.8,526
2017,KEN,-2310.2000000000003,467
2017,KGZ,-1885.8000000000002,318
2017,KHM,-4352.4000000000015,904
2017,KOR,-77046.89999999998,16838
2017,KWT,-288.4,74
2017,LAO,-1574.8,272
2017,LBN,-819.2999999999998,179
2017,LBR,-339.2,72
2017,LKA,-6226.300000000002,1490
2017,LTU,-224.2,44
2017,LUX,-71.7,39
2017,LVA,-224.4,59
2017,MAC,-344.9,60
2017,MAR,-533.9000000000001,116
2017,MDA,-16,4
2017,MDG,-361.70000000000005,66
2017,MEX,-6141.2,1355
2017,MKD,-117.8,35
2017,MLI,-528,79
2017,MLT,-244.3,57
2017,MMR,-8895.399999999998,1864
2017,MNE,0,0
2017,MNG,-3193.7000000000007,647
2017,MOZ,-251.5,38
2017,MUS,-123.6,32
2017,MWI,-78.2,30
2017,MYS,-15247.399999999992,3686
2017,NAM,-926.3000000000001,224
2017,NER,-137,28
2017,NGA,-5365.400000000001,1134
2017,NIC,-287.70000000000005,67
2017,NLD,-2555.4000000000005,653
2017,NOR,-1875.1,479
2017,NPL,-5759.400000000003,1249
2017,NZL,-2872.9,752
2017,OMN,-228.79999999999998,57
2017,PAK,-52343.10000000003,10767
2017,PAN,-1345.6,352
2017,PER,-1593.6,364
2017,PHL,-33774.49999999999,8846
2017,PNG,-216.4,33
2017,POL,-954.6999999999998,235
2017,PRK,-172251.1,38666
2017,PRT,-1352.6000000000001,268
2017,PRY,-150.5,25
2017,QAT,-667.0999999999999,173
2017,ROM,0,0
2017,RUS,-71730.10000000002,16035
2017,RWA,-320.3,89
2017,SAU,-3410.7,747
2017,SDN,-955.7999999999998,218
2017,SEN,-452.5,98
2017,SGP,-6276.5,1612
2017,SLE,-326,78
2017,SLV,-157.1,25
2017,SOM,-1442.9,204
2017,SRB,-604.8000000000001,154
2017,SUR,-24.8,7
2017,SVK,-277.6,65
2017,SVN,0,0
2017,SWE,-1750.3000000000006,397
2017,SYR,-21834.2,3963
2017,TCD,-180,56
2017,TGO,-102.8,19
2017,THA,-8212.999999999998,1537
2017,TJK,-409.8,88
2017,TKM,-124.8,29
2017,TTO,-357.6,45
2017,TUN,-532.1,102
2017,TUR,-8663.999999999998,1632
2017,TZA,-1579.7999999999997,326
2017,UGA,-1781.2000000000005,346
2017,UKR,-3281.2000000000003,745
2017,URY,-347.40000000000003,82
2017,USA,-267492.5,64316
2017,UZB,-163.60000000000002,41
2017,VEN,-3150.800000000001,675
2017,VNM,-25044.3,5321
2017,VUT,-52.4,12
2017,YEM,-1403.2000000000005,261
2017,ZAF,-1315.8000000000002,268
2017,ZMB,-1857.2999999999997,378
2017,ZWE,-1686,413
2018,AFG,-6866.899999999998,1336
2018,AGO,-334.4,88
2018,ARE,-1145.3999999999999,267
2018,ARG,-4900.200000000001,1006
2018,ARM,-333.09999999999997,74
2018,ATG,-72.2,21
2018,AUS,-34599.600000000006,9698
2018,AUT,-703.3,153
2018,AZE,-386.3,78
2018,BEL,-3799.0000000000014,972
2018,BGD,-2179.5,536
2018,BGR,-1247.7,368
2018,BHR,-187.9,44
2018,BIH,0,0
2018,BLR,-1031.0999999999997,197
2018,BMU,-11,2
2018,BOL,-1167.3,254
2018,BRA,-3805.8000000000006,852
2018,BRN,-17053.499999999996,3754
2018,BWA,-377.59999999999997,77
2018,CAN,-64234.49999999996,14775
2018,CHE,-8507.8,2001
2018,CHL,-1438.3000000000002,324
2018,CMR,-685.0999999999999,141
2018,COD,-163.80000000000004,38
2018,COG,-263.8,62
2018,COL,-887.1000000000001,165
2018,CRI,-127.69999999999999,22
2018,CUB,-1989.1000000000001,394
2018,CYM,-153.9,31
2018,CYP,-55.4,11
2018,CZE,-1198.8999999999996,299
2018,DEU,-12918.799999999994,3392
2018,DJI,-2208.000000000001,508
2018,DNK,-983.1999999999996,278
2018,DOM,-476.6,107
2018,DZA,-1781.6000000000001,240
2018,ECU,-1043.1,219
2018,EGY,-2630.000000000001,609
2018,ESP,-4249.800000000001,949
2018,EST,-106.6,40
2018,ETH,-1267.7999999999997,264
2018,FIN,-1249.9,297
2018,FJI,-394.30000000000007,115
2018,FRA,-16060.499999999993,3929
2018,FSM,-30,6
2018,GAB,-182.6,27
2018,GBR,-25226.3,6099
2018,GEO,0,0
2018,GHA,-2137,455
2018,GIN,-203,39
2018,GNB,-20,4
2018,GRC,-1663.3000000000002,391
2018,GUY,-216.9,39
2018,HKG,-720.6999999999999,233
2018,HND,-226.6,42
2018,HRV,-478.49999999999994,137
2018,HTI,-103,25
2018,HUN,-634.7000000000002,170
2018,IDN,-8310.8,1754
2018,IND,-10756.099999999999,2487
2018,IRL,-1544.6999999999998,384
2018,IRN,-19757.69999999999,4619
2018,IRQ,-1229.4,222
2018,ISL,-102.7,23
2018,ISR,-3716.600000000001,964
2018,ITA,-5270.699999999998,1334
2018,JAM,-394.1,79
2018,JOR,-616.5,143
2018,JPN,-44394.80000000005,10383
2018,KAZ,-2667.2000000000007,553
2018,KEN,-6216.8,1320
2018,KGZ,-1055.5,221
2018,KHM,-5279.000000000003,1199
2018,KOR,-24635.700000000004,5745
2018,KWT,-444.8,114
2018,LAO,-1672.0999999999997,355
2018,LBN,-679.5,172
2018,LBR,-498.79999999999995,97
2018,LKA,-6920.000000000001,1668
2018,LTU,-189.2,60
2018,LUX,-167.20000000000002,46
2018,LVA,-145,34
2018,MAC,-251.6,56
2018,MAR,-777,172
2018,MDA,-76,15
2018,MDG,-113.5,27
2018,MEX,-5381.2,1262
2018,MKD,-152,36
2018,MLI,-362.29999999999995,68
2018,MLT,-121.8,31
2018,MMR,-5727.799999999999,1136
2018,MNE,0,0
2018,MNG,-2580.600000000001,486
2018,MOZ,-446.3999999999999,87
2018,MUS,-193.20000000000002,51
2018,MWI,-281.5,69
2018,MYS,-12269.399999999998,3376
2018,NAM,-297.30000000000007,77
2018,NER,-172.8,24
2018,NGA,-4738,1164
2018,NIC,-234.3,61
2018,NLD,-2433.5000000000005,733
2018,NOR,-1423.7,348
2018,NPL,-5465.900000000001,1190
2018,NZL,-4063.900000000003,1190
2018,OMN,-281.9,59
2018,PAK,-45458.90000000002,8506
2018,PAN,-1486.7999999999997,353
2018,PER,-1107.1999999999998,254
2018,PHL,-27858.60000000001,7411
2018,PNG,-1746.3999999999996,393
2018,POL,-1483.5000000000005,342
2018,PRK,-49933.2,10610
2018,PRT,-1657.3999999999999,327
2018,PRY,-75.3,22
2018,QAT,-558.5999999999999,118
2018,ROM,0,0
2018,RUS,-71798.20000000001,15720
2018,RWA,-363.6,83
2018,SAU,-3849.600000000001,747
2018,SDN,-539.5999999999999,128
2018,SEN,-428,82
2018,SGP,-6051.200000000001,1614
2018,SLE,-838.7,161
2018,SLV,-1022.9000000000001,258
2018,SOM,-514.5,94
2018,SRB,-1057.3999999999999,240
2018,SUR,-37,6
2018,SVK,-226.4,39
2018,SVN,0,0
2018,SWE,-5572.400000000001,1577
2018,SYR,-9311.399999999998,1601
2018,TCD,-645.8,112
2018,TGO,-55,14
2018,THA,-8481.6,1653
2018,TJK,-738.4000000000001,142
2018,TKM,-60.4,21
2018,TTO,-214.9,39
2018,TUN,-376.3,99
2018,TUR,-7097.999999999998,1318
2018,TZA,-757.6999999999999,152
2018,UGA,-1131.8999999999999,242
2018,UKR,-3175.9,704
2018,URY,-268.5,69
2018,USA,-364592.4000000002,88897
2018,UZB,-427.7,93
2018,VEN,-2252.6,635
2018,VNM,-18451.09999999999,3846
2018,VUT,-964.8,265
2018,YEM,-999.7999999999998,204
2018,ZAF,-1791.9000000000003,352
2018,ZMB,-1932.7999999999997,484
2018,ZWE,-2190.7999999999997,490
2019,AFG,-3296.4000000000005,747
2019,AGO,-207.9,45
2019,ARE,-990.6999999999999,244
2019,ARG,-2576.7000000000007,575
2019,ARM,-422.4000000000001,100
2019,ATG,-14,7
2019,AUS,-47220.80000000003,12051
2019,AUT,-581,147
2019,AZE,-248.20000000000005,57
2019,BEL,-2890.9000000000015,802
2019,BGD,-4807.100000000002,852
2019,BGR,-379.6,110
2019,BHR,-303.70000000000005,66
2019,BIH,0,0
2019,BLR,-843.8999999999997,189
2019,BMU,-28.4,6
2019,BOL,-360,84
2019,BRA,-4305.000000000003,1001
2019,BRN,-9882.300000000003,2299
2019,BWA,-290.2,74
2019,CAN,-120967.90000000002,28459
2019,CHE,-6271.5999999999985,1577
2019,CHL,-1327.2,348
2019,CMR,-665,111
2019,COD,-130,28
2019,COG,-548.5,113
2019,COL,-917.6999999999999,208
2019,CRI,-170.4,47
2019,CUB,-1979.7,419
2019,CYM,-91.4,21
2019,CYP,-123.60000000000001,37
2019,CZE,-2825.6000000000004,700
2019,DEU,-14180.299999999987,3840
2019,DJI,-808.4999999999998,145
2019,DNK,-1899.8000000000002,521
2019,DOM,-214,60
2019,DZA,-480.6,96
2019,ECU,-937.6999999999998,204
2019,EGY,-2790.9999999999995,602
2019,ESP,-3883.8,795
2019,EST,-248.70000000000002,65
2019,ETH,-1239.5,265
2019,FIN,-1149.5000000000002,351
2019,FJI,-598.7,153
2019,FRA,-15503.49999999999,3846
2019,FSM,-103.19999999999999,17
2019,GAB,-521.7,82
2019,GBR,-56776.79999999996,13315
2019,GEO,0,0
2019,GHA,-2594,587
2019,GIN,-160.70000000000002,24
2019,GNB,-0.3,1
2019,GRC,-1897.8999999999999,479
2019,GUY,-283,63
2019,HKG,-384,119
2019,HND,-105,31
2019,HRV,-294.29999999999995,80
2019,HTI,-66.4,17
2019,HUN,-993.4999999999998,289
2019,IDN,-7898.500000000001,1643
2019,IND,-10737.199999999999,2511
2019,IRL,-1036.1,247
2019,IRN,-18788.599999999988,4284
2019,IRQ,-1027,203
2019,ISL,-299.9,61
2019,ISR,-4791.3,1152
2019,ITA,-7086.300000000003,1735
2019,JAM,-480.5,87
2019,JOR,-875.8,160
2019,JPN,-38601.200000000026,8321
2019,KAZ,-3890.1,838
2019,KEN,-3882.2000000000003,878
2019,KGZ,-3222.0000000000005,617
2019,KHM,-4827.700000000003,1206
2019,KOR,-20467.699999999997,4297
2019,KWT,-358.8,97
2019,LAO,-1703.1000000000004,285
2019,LBN,-397.20000000000005,116
2019,LBR,-61,20
2019,LKA,-4854.5,976
2019,LTU,-1030.6999999999998,332
2019,LUX,-145.3,44
2019,LVA,-151.7,44
2019,MAC,-526.0999999999999,122
2019,MAR,-523.4000000000001,130
2019,MDA,-29,7
2019,MDG,-262.8,52
2019,MEX,-3695.9000000000015,831
2019,MKD,-286.9,64
2019,MLI,-180.8,31
2019,MLT,-115.8,26
2019,MMR,-3816.1000000000004,740
2019,MNE,0,0
2019,MNG,-2331.1,441
2019,MOZ,-537,67
2019,MUS,-107.4,24
2019,MWI,-569.3,135
2019,MYS,-9521.099999999995,2335
2019,NAM,-844.8000000000001,141
2019,NER,-212.20000000000002,29
2019,NGA,-4320.8,1040
2019,NIC,-103.5,30
2019,NLD,-2324.700000000001,620
2019,NOR,-2110.5000000000005,538
2019,NPL,-5170.6,1169
2019,NZL,-7185.200000000002,1700
2019,OMN,-422.2,77
2019,PAK,-31143.59999999999,7323
2019,PAN,-618.4,137
2019,PER,-1457.1,339
2019,PHL,-43756.90000000005,10947
2019,PNG,-462.8,116
2019,POL,-8424.300000000001,2266
2019,PRK,-19396.599999999995,3747
2019,PRT,-1203.1999999999998,273
2019,PRY,-110.10000000000001,23
2019,QAT,-313.1,100
2019,ROM,0,0
2019,RUS,-65000.90000000002,14486
2019,RWA,-284.20000000000005,70
2019,SAU,-3945.000000000001,920
2019,SDN,-859.1999999999998,197
2019,SEN,-115.4,22
2019,SGP,-4564.4,1167
2019,SLE,-151.1,50
2019,SLV,-470.6,105
2019,SOM,-561.1999999999999,82
2019,SRB,-855.3,195
2019,SUR,-116.80000000000001,21
2019,SVK,-511.29999999999995,145
2019,SVN,0,0
2019,SWE,-4075.8,1050
2019,SYR,-4050.000000000001,836
2019,TCD,-147.6,32
2019,TGO,-56.5,11
2019,THA,-6529.5,1459
2019,TJK,-648.8000000000002,166
2019,TKM,-58.199999999999996,27
2019,TTO,-107,21
2019,TUN,-149.39999999999998,40
2019,TUR,-9199.699999999997,2429
2019,TZA,-1604.6999999999998,368
2019,UGA,-1170.3,314
2019,UKR,-5733.9000000000015,1489
2019,URY,-108.7,32
2019,USA,-364645.69999999984,88219
2019,UZB,-541.4,114
2019,VEN,-6987.700000000003,1814
2019,VNM,-21308.29999999999,4391
2019,VUT,-490.3999999999999,117
2019,YEM,-1104.6,214
2019,ZAF,-859.2,181
2019,ZMB,-863.4,203
2019,ZWE,-2045.8000000000004,451
2020,AFG,-4925.1,850
2020,AGO,-627.8,104
2020,ARE,-1680.2,353
2020,ARG,-2183.5,410
2020,ARM,-916.7999999999998,179
2020,ATG,-20,4
2020,AUS,-111759.40000000008,27592
2020,AUT,-1492.6,340
2020,AZE,-700.4,141
2020,BEL,-3181.400000000001,809
2020,BGD,-5436.900000000001,1238
2020,BGR,-290.8,88
2020,BHR,-326.5,61
2020,BIH,0,0
2020,BLR,-1872.9999999999998,401
2020,BMU,-13.8,7
2020,BOL,-407.4,91
2020,BRA,-7970.499999999998,2027
2020,BRN,-18171.800000000003,3953
2020,BWA,-272.3,58
2020,CAN,-59083,14666
2020,CHE,-7634.799999999999,1944
2020,CHL,-1218.7,265
2020,CMR,-374.2,66
2020,COD,-344.9,50
2020,COG,-408.7,84
2020,COL,-803.8000000000001,169
2020,CRI,-223.2,57
2020,CUB,-3592.3,600
2020,CYM,-90.5,18
2020,CYP,-317.4,74
2020,CZE,-5717.800000000001,1430
2020,DEU,-18709.6,4883
2020,DJI,-545.5,82
2020,DNK,-2672.8000000000006,617
2020,DOM,-350.69999999999993,82
2020,DZA,-1653.5,259
2020,ECU,-1940.2,486
2020,EGY,-4074.900000000002,878
2020,ESP,-5775.500000000002,1316
2020,EST,-310.9,86
2020,ETH,-2329.4000000000005,510
2020,FIN,-1680.7000000000003,469
2020,FJI,-888.9,191
2020,FRA,-19323.89999999999,5080
2020,FSM,-109,21
2020,GAB,-313.5,43
2020,GBR,-72705.30000000008,18623
2020,GEO,0,0
2020,GHA,-1729.9000000000005,405
2020,GIN,-334,65
2020,GNB,-10,1
2020,GRC,-1293.1999999999998,295
2020,GUY,-310.40000000000003,68
2020,HKG,-150.60000000000002,53
2020,HND,-117.9,20
2020,HRV,-304.7,75
2020,HTI,-142.40000000000003,39
2020,HUN,-1124.5,264
2020,IDN,-16151.099999999993,3784
2020,IND,-37869.59999999999,7154
2020,IRL,-2899.7999999999997,608
2020,IRN,-24644.999999999993,5286
2020,IRQ,-4550.3,730
2020,ISL,-185.4,27
2020,ISR,-10113.700000000004,2232
2020,ITA,-18680.999999999993,4131
2020,JAM,-603.1999999999999,137
2020,JOR,-2425.6,380
2020,JPN,-44802.09999999999,10231
2020,KAZ,-4647.6,1059
2020,KEN,-5872.1,1347
2020,KGZ,-1684.8000000000002,303
2020,KHM,-4747.300000000001,965
2020,KOR,-26278.299999999992,5713
2020,KWT,-567.1999999999999,116
2020,LAO,-1598.3000000000002,320
2020,LBN,-1584.3000000000004,251
2020,LBR,-363.8,73
2020,LKA,-4838.2,1051
2020,LTU,-677.2999999999998,188
2020,LUX,-58.5,14
2020,LVA,-103.6,29
2020,MAC,-544.7,123
2020,MAR,-1737.7,372
2020,MDA,-74.8,15
2020,MDG,-292.2,69
2020,MEX,-3816.800000000001,738
2020,MKD,-191.4,29
2020,MLI,-235.4,52
2020,MLT,-336,62
2020,MMR,-4461.500000000001,981
2020,MNE,0,0
2020,MNG,-6496.8,1259
2020,MOZ,-183.70000000000002,33
2020,MUS,-565.5,122
2020,MWI,-411.20000000000005,91
2020,MYS,-11983.900000000003,2822
2020,NAM,-489.50000000000006,96
2020,NER,-76,11
2020,NGA,-10768.8,2674
2020,NIC,-116.8,39
2020,NLD,-2784.0000000000014,724
2020,NOR,-1814.1000000000001,448
2020,NPL,-10395.399999999996,2316
2020,NZL,-8557.199999999999,2139
2020,OMN,-751.1999999999999,137
2020,PAK,-32580.100000000002,6438
2020,PAN,-607.2,110
2020,PER,-1634.8999999999996,346
2020,PHL,-29242.800000000007,6856
2020,PNG,-727.0999999999999,159
2020,POL,-1702.6,409
2020,PRK,-17111.300000000003,3267
2020,PRT,-1105.7,264
2020,PRY,-168.8,44
2020,QAT,-1014.5999999999999,234
2020,ROM,0,0
2020,RUS,-75912.89999999995,17070
2020,RWA,-377.8,100
2020,SAU,-4167.800000000002,895
2020,SDN,-1282.4,197
2020,SEN,-339.2,98
2020,SGP,-10065.799999999997,2368
2020,SLE,-255,44
2020,SLV,-538.6,115
2020,SOM,-546.5,133
2020,SRB,-2253.5000000000005,395
2020,SUR,-105,69
2020,SVK,-307.1,91
2020,SVN,0,0
2020,SWE,-5561.1,1351
2020,SYR,-3854.7,777
2020,TCD,-200.8,55
2020,TGO,-26,5
2020,THA,-8350.8,1712
2020,TJK,-788.3000000000002,150
2020,TKM,-144.9,36
2020,TTO,-310.1,57
2020,TUN,-557.4,108
2020,TUR,-6945.8,1563
2020,TZA,-741.4999999999999,172
2020,UGA,-1196.5999999999997,261
2020,UKR,-13429.699999999995,2855
2020,URY,-178.4,41
2020,USA,-452471.7000000003,111996
2020,UZB,-1237.5,296
2020,VEN,-3456.600000000001,637
2020,VNM,-22330.60000000001,5100
2020,VUT,-84.8,20
2020,YEM,-605,139
2020,ZAF,-1804.9000000000005,416
2020,ZMB,-2033.6000000000004,354
2020,ZWE,-2465.2999999999997,476